loan_id,orig_balance,current_balance,coupon,fico,ltv,dti,seasoning_mo,remaining_term_mo,state,property_type,originator,servicer,base_cpr,base_cdr
L100000,270127.94,259045.88,6.7,690,77.0,37.8,42,318,NY,SFR,Meridian Home Loans,Pier Asset Mgmt,0.07499999999999998,0.00982
L100001,168721.64,163539.79,7.513,678,84.7,35.6,37,323,AZ,SFR,Highline Capital,Northgate Servicing,0.06,0.011643333333333334
L100002,315734.81,307167.0,7.494,739,77.3,42.9,33,327,WA,Multifamily,Apex Funding,Northgate Servicing,0.06,0.008
L100003,337458.44,333309.77,5.994,729,97.0,40.9,12,348,FL,SFR,Meridian Home Loans,Summit Loan Servicing,0.08012,0.008126666666666667
L100004,122655.84,119103.27,6.575,638,91.2,12.1,30,330,NC,SFR,Coastal Mortgage Co,Pier Asset Mgmt,0.07125,0.014726666666666667
L100005,153927.53,129137.16,4.722,777,70.3,40.4,39,141,TX,SFR,Highline Capital,Pier Asset Mgmt,0.1739,0.008
L100006,253912.28,252984.67,6.489,710,70.2,28.0,4,356,NY,SFR,Coastal Mortgage Co,Summit Loan Servicing,0.06340666666666667,0.008
L100007,217361.05,210319.52,5.685,654,79.6,24.6,9,171,NC,SFR,Coastal Mortgage Co,Northgate Servicing,0.06972500000000001,0.012799999999999999
L100008,241378.04,235259.67,6.232,780,63.9,34.5,25,335,FL,2-4 Unit,Meridian Home Loans,Northgate Servicing,0.092,0.008
L100009,180130.1,176245.48,4.883,749,88.0,39.3,17,343,FL,SFR,Meridian Home Loans,Summit Loan Servicing,0.11998166666666665,0.008
L100010,330310.79,319714.78,6.764,645,78.3,22.9,34,326,NY,SFR,Highline Capital,Summit Loan Servicing,0.06179999999999999,0.013456666666666665
L100011,318770.66,311042.13,4.873,813,77.1,41.6,19,341,TX,SFR,Highline Capital,Summit Loan Servicing,0.127355,0.008
L100012,248478.29,236560.79,6.533,751,82.2,42.1,47,313,NC,SFR,Meridian Home Loans,Summit Loan Servicing,0.08334999999999998,0.008
L100013,360243.12,353904.41,5.296,714,94.7,36.4,15,345,TX,SFR,Apex Funding,Summit Loan Servicing,0.1026,0.009096666666666666
L100014,285966.02,280579.14,5.635,802,76.1,29.1,17,343,NY,SFR,Apex Funding,Summit Loan Servicing,0.09867500000000001,0.008
L100015,179736.58,179601.56,7.439,724,72.6,28.2,1,359,NY,SFR,Highline Capital,Northgate Servicing,0.06,0.008
L100016,276250.34,273405.55,6.929,713,92.1,44.2,12,348,WA,Condo,Apex Funding,Northgate Servicing,0.061419999999999995,0.009456666666666667
L100017,173579.52,171958.63,7.434,679,85.6,23.9,12,348,WA,SFR,Highline Capital,Summit Loan Servicing,0.06,0.010853333333333333
L100018,330201.25,320884.28,7.804,747,70.1,44.5,36,324,CA,Condo,Meridian Home Loans,Summit Loan Servicing,0.06,0.008
L100019,238595.74,234428.53,5.704,741,74.1,34.7,16,344,TX,SFR,Meridian Home Loans,Northgate Servicing,0.09456,0.008
L100020,227589.35,225935.22,7.749,716,76.3,35.2,10,350,AZ,2-4 Unit,Coastal Mortgage Co,Pier Asset Mgmt,0.06,0.008
L100021,191314.64,180328.73,5.081,672,78.3,22.3,15,165,FL,Multifamily,Coastal Mortgage Co,Pier Asset Mgmt,0.10797499999999999,0.010716666666666666
L100022,372461.69,363678.94,7.071,722,57.7,34.8,27,333,NC,SFR,Highline Capital,Pier Asset Mgmt,0.06,0.008
L100023,230018.42,220664.99,5.956,711,55.5,40.9,37,323,WA,SFR,Coastal Mortgage Co,Summit Loan Servicing,0.11219999999999998,0.008
L100024,208999.11,197158.3,5.563,642,63.4,25.3,47,313,TX,SFR,Coastal Mortgage Co,Pier Asset Mgmt,0.12185000000000003,0.012426666666666666
L100025,214647.68,214111.84,6.953,634,62.4,40.0,3,357,WA,2-4 Unit,Apex Funding,Summit Loan Servicing,0.050234999999999995,0.014106666666666667
L100026,292525.82,282235.4,7.25,746,66.3,36.7,40,320,CA,SFR,Highline Capital,Summit Loan Servicing,0.06,0.008
L100027,275930.81,271589.31,7.224,580,81.6,30.8,19,341,FL,SFR,Meridian Home Loans,Summit Loan Servicing,0.049999999999999996,0.020813333333333333
L100028,280535.74,270042.93,6.593,726,72.0,42.8,38,322,GA,SFR,Apex Funding,Summit Loan Servicing,0.08035,0.008
L100029,282317.43,281807.49,6.519,689,76.4,18.4,2,358,OH,SFR,Coastal Mortgage Co,Northgate Servicing,0.06160333333333333,0.008566666666666667
L100030,513793.47,460318.09,6.874,787,59.3,38.8,30,150,GA,Condo,Meridian Home Loans,Summit Loan Servicing,0.06630000000000001,0.008
L100031,210608.19,176639.23,6.673,688,68.5,49.0,44,136,TX,SFR,Highline Capital,Pier Asset Mgmt,0.07635,0.009916666666666667
L100032,202950.02,202608.85,6.887,751,81.0,47.5,2,358,FL,2-4 Unit,Highline Capital,Pier Asset Mgmt,0.06037666666666667,0.008
L100033,182623.06,175781.45,6.584,693,81.1,39.1,38,322,AZ,2-4 Unit,Meridian Home Loans,Northgate Servicing,0.08080000000000001,0.010016666666666667
L100034,301218.98,295510.84,7.159,721,65.3,33.6,6,174,GA,SFR,Highline Capital,Summit Loan Servicing,0.06,0.008
L100035,360461.45,337788.51,4.936,756,75.9,30.9,47,313,CA,SFR,Apex Funding,Pier Asset Mgmt,0.1632,0.008
L100036,233308.85,224882.03,6.282,690,97.0,33.6,35,325,GA,2-4 Unit,Apex Funding,Summit Loan Servicing,0.0959,0.01154
L100037,180944.43,170990.75,5.155,770,73.8,40.4,43,317,IL,2-4 Unit,Coastal Mortgage Co,Pier Asset Mgmt,0.15225,0.008
L100038,181939.88,174206.29,6.649,660,65.7,29.5,43,317,CA,2-4 Unit,Coastal Mortgage Co,Pier Asset Mgmt,0.07755,0.011136666666666666
L100039,304890.35,301596.16,7.878,731,71.9,42.1,15,345,FL,Multifamily,Meridian Home Loans,Summit Loan Servicing,0.06,0.008
L100040,314940.48,292173.87,5.973,766,75.1,53.1,20,160,WA,SFR,Meridian Home Loans,Summit Loan Servicing,0.09423333333333334,0.008
L100041,293638.29,284100.76,6.515,751,72.2,35.5,33,327,AZ,Condo,Meridian Home Loans,Pier Asset Mgmt,0.08425000000000002,0.008
L100042,192349.94,186796.82,7.081,820,73.6,25.2,9,171,CA,Condo,Apex Funding,Pier Asset Mgmt,0.06,0.008
L100043,263354.54,247584.81,4.539,673,56.7,25.2,15,165,CA,SFR,Meridian Home Loans,Northgate Servicing,0.12152500000000001,0.00865
L100044,252922.91,251634.36,5.93,639,62.4,42.2,5,355,NY,SFR,Apex Funding,Summit Loan Servicing,0.058916666666666666,0.013753333333333333
L100045,262115.63,251415.72,6.728,660,72.2,35.5,42,318,IL,SFR,Apex Funding,Northgate Servicing,0.07360000000000001,0.012186666666666667
L100046,329390.77,312768.32,3.793,751,72.0,43.0,12,168,IL,SFR,Coastal Mortgage Co,Northgate Servicing,0.12000000000000001,0.008
L100047,262566.18,256583.7,5.521,742,67.2,31.7,20,340,NC,SFR,Meridian Home Loans,Summit Loan Servicing,0.1093,0.008
L100048,307927.53,302442.84,7.391,721,71.9,42.6,22,338,TX,Condo,Apex Funding,Pier Asset Mgmt,0.06,0.008
L100049,248612.98,234127.63,7.303,653,74.7,34.7,18,162,CA,Condo,Highline Capital,Northgate Servicing,0.049999999999999996,0.013083333333333336
L100050,268657.28,259150.36,6.737,757,84.7,30.1,37,323,NC,SFR,Coastal Mortgage Co,Summit Loan Servicing,0.07314999999999999,0.008
L100051,302837.27,291159.43,7.194,648,72.8,32.8,43,317,OH,SFR,Highline Capital,Pier Asset Mgmt,0.049999999999999996,0.013266666666666668
L100052,145800.64,142044.97,6.594,779,78.8,26.4,27,333,TX,SFR,Coastal Mortgage Co,Northgate Servicing,0.07826999999999998,0.008
L100053,217100.37,208963.94,6.9,820,67.5,51.9,40,320,NY,SFR,Meridian Home Loans,Northgate Servicing,0.06499999999999997,0.008
L100054,205946.06,204727.55,6.116,735,80.9,35.2,6,354,NC,SFR,Apex Funding,Northgate Servicing,0.06884,0.008
L100055,194151.25,185017.01,6.504,747,78.5,41.2,46,314,TX,SFR,Highline Capital,Summit Loan Servicing,0.08480000000000001,0.008
L100056,220510.42,219133.52,5.831,688,84.4,31.7,6,354,OH,2-4 Unit,Highline Capital,Summit Loan Servicing,0.07168999999999999,0.010353333333333334
L100057,409720.07,408501.35,7.537,615,82.6,27.6,4,356,FL,SFR,Highline Capital,Summit Loan Servicing,0.049999999999999996,0.0172
L100058,179325.72,179072.74,7.769,682,81.1,34.1,2,358,GA,SFR,Meridian Home Loans,Summit Loan Servicing,0.06,0.010783333333333332
L100059,340747.64,337692.73,7.642,655,72.8,44.8,12,348,NY,2-4 Unit,Meridian Home Loans,Northgate Servicing,0.049999999999999996,0.013366666666666666
L100060,134725.62,128837.07,6.033,635,76.9,31.8,40,320,NC,SFR,Apex Funding,Northgate Servicing,0.09834999999999998,0.01491
L100061,215947.42,212313.82,5.542,810,86.8,29.0,15,345,TX,2-4 Unit,Highline Capital,Pier Asset Mgmt,0.09645000000000001,0.008
L100062,257033.98,248953.99,7.549,730,66.2,37.2,38,322,CA,SFR,Highline Capital,Pier Asset Mgmt,0.06,0.008
L100063,298098.07,292822.03,6.89,736,66.5,40.0,20,340,GA,SFR,Coastal Mortgage Co,Northgate Servicing,0.06366666666666668,0.008
L100064,311429.82,310059.7,6.696,698,76.2,49.1,5,355,OH,SFR,Coastal Mortgage Co,Summit Loan Servicing,0.06253333333333333,0.009693333333333335
L100065,320510.89,312511.17,5.83,705,79.0,38.8,23,337,NC,SFR,Apex Funding,Summit Loan Servicing,0.10485,0.008586666666666666
L100066,214903.9,212823.57,6.783,768,64.1,41.2,11,349,AZ,Multifamily,Highline Capital,Summit Loan Servicing,0.06397833333333333,0.008
L100067,206525.03,203218.12,5.423,713,73.1,41.8,14,346,IL,Condo,Meridian Home Loans,Summit Loan Servicing,0.09679666666666667,0.008
L100068,327843.47,320593.99,6.971,744,72.9,26.8,25,335,TX,SFR,Highline Capital,Summit Loan Servicing,0.06120833333333333,0.008
L100069,227076.78,220058.84,7.641,704,47.4,28.3,38,322,IL,SFR,Highline Capital,Pier Asset Mgmt,0.06,0.008
L100070,155361.48,152082.42,7.868,696,71.4,27.3,28,332,WA,Multifamily,Meridian Home Loans,Northgate Servicing,0.06,0.008
L100071,163300.85,161795.81,7.038,638,72.1,25.3,11,349,AZ,SFR,Highline Capital,Pier Asset Mgmt,0.049999999999999996,0.013696666666666666
L100072,175991.63,168488.22,5.156,606,72.1,42.4,34,326,AZ,SFR,Apex Funding,Summit Loan Servicing,0.1422,0.018036666666666666
L100073,288949.23,279670.38,6.578,701,91.0,38.3,33,327,NY,Multifamily,Highline Capital,Summit Loan Servicing,0.08109999999999998,0.010153333333333334
L100074,255211.78,246278.41,8.326,718,59.4,36.6,12,168,GA,SFR,Meridian Home Loans,Summit Loan Servicing,0.06,0.008
L100075,309177.21,294256.07,5.618,644,64.1,15.3,41,319,NC,SFR,Highline Capital,Northgate Servicing,0.1191,0.01163
L100076,209077.77,200429.99,6.347,713,42.7,52.4,40,320,NC,SFR,Meridian Home Loans,Northgate Servicing,0.09264999999999998,0.008
L100077,256655.22,250812.55,7.672,718,68.2,28.8,29,331,OH,SFR,Meridian Home Loans,Northgate Servicing,0.06,0.008
L100078,302233.94,298599.76,6.955,596,69.3,52.4,14,346,NC,2-4 Unit,Coastal Mortgage Co,Pier Asset Mgmt,0.05104999999999999,0.019423333333333334
L100079,217886.31,215572.3,8.632,665,67.9,24.4,17,343,FL,SFR,Apex Funding,Northgate Servicing,0.06,0.010516666666666667
L100080,284893.68,262824.61,5.74,737,87.3,29.5,21,159,FL,Multifamily,Meridian Home Loans,Pier Asset Mgmt,0.10409999999999998,0.008
L100081,192591.36,190662.2,5.509,736,84.3,18.4,9,351,NC,SFR,Coastal Mortgage Co,Summit Loan Servicing,0.082365,0.008
L100082,213828.84,211342.41,7.502,652,74.9,38.9,15,345,OH,SFR,Coastal Mortgage Co,Northgate Servicing,0.049999999999999996,0.013483333333333333
L100083,212435.08,206948.04,5.324,724,69.6,27.2,7,173,WA,Condo,Meridian Home Loans,Northgate Servicing,0.07955333333333334,0.008
L100084,159764.5,158523.09,6.223,771,86.3,27.4,8,352,NC,SFR,Meridian Home Loans,Northgate Servicing,0.07036,0.008
L100085,287920.7,277630.41,6.341,758,73.8,25.0,35,325,GA,SFR,Meridian Home Loans,Pier Asset Mgmt,0.09294999999999999,0.008
L100086,206016.01,204888.74,7.332,710,64.2,42.2,7,353,OH,SFR,Highline Capital,Northgate Servicing,0.06,0.008
L100087,243865.7,238917.21,6.953,689,53.4,41.7,23,337,WA,Condo,Highline Capital,Northgate Servicing,0.06180166666666665,0.008
L100088,287293.99,281859.22,6.811,680,68.7,50.5,21,339,CA,2-4 Unit,Apex Funding,Pier Asset Mgmt,0.066615,0.010836666666666668
L100089,283874.04,283028.15,6.038,741,83.1,30.5,3,357,NY,SFR,Apex Funding,Northgate Servicing,0.06480999999999999,0.008
L100090,306472.95,264540.6,7.494,726,97.0,37.8,40,140,NY,SFR,Meridian Home Loans,Northgate Servicing,0.06,0.00822
L100091,234574.87,228660.73,10.023,750,74.7,25.7,47,313,GA,SFR,Meridian Home Loans,Summit Loan Servicing,0.06,0.008
L100092,209367.34,203577.91,7.022,722,64.8,33.3,31,329,FL,SFR,Coastal Mortgage Co,Summit Loan Servicing,0.06,0.008
L100093,236120.75,209001.23,6.49,760,59.8,31.8,32,148,NY,SFR,Highline Capital,Summit Loan Servicing,0.08549999999999999,0.008
L100094,134515.26,132774.71,5.232,720,80.6,39.7,11,349,CA,Multifamily,Coastal Mortgage Co,Northgate Servicing,0.09241333333333332,0.008
L100095,146314.05,139684.3,5.826,758,52.8,44.1,40,320,CA,SFR,Highline Capital,Pier Asset Mgmt,0.11870000000000003,0.008
L100096,152825.98,146881.66,6.208,763,80.6,43.9,37,323,IL,SFR,Coastal Mortgage Co,Summit Loan Servicing,0.0996,0.008
L100097,171264.36,167443.06,5.919,671,83.8,29.3,21,339,WA,SFR,Coastal Mortgage Co,Pier Asset Mgmt,0.097835,0.011833333333333333
L100098,279266.27,269674.5,6.386,616,79.2,44.0,34,326,FL,SFR,Highline Capital,Pier Asset Mgmt,0.0807,0.017853333333333332
L100099,176854.45,170650.92,8.0,800,71.4,35.6,45,315,FL,SFR,Coastal Mortgage Co,Summit Loan Servicing,0.06,0.008
L100100,212701.09,192380.31,7.522,729,80.8,33.4,29,151,FL,SFR,Apex Funding,Summit Loan Servicing,0.06,0.008
L100101,382594.1,369417.88,6.257,621,76.1,30.3,10,170,WA,SFR,Apex Funding,Pier Asset Mgmt,0.06238333333333334,0.01613
L100102,214337.6,210318.15,5.313,676,64.7,31.5,16,344,NC,SFR,Apex Funding,Northgate Servicing,0.10498666666666667,0.00957
L100103,314308.56,312199.63,7.604,757,96.2,49.9,9,351,NC,2-4 Unit,Apex Funding,Summit Loan Servicing,0.06,0.008
L100104,175121.24,172410.45,6.356,700,69.8,38.5,16,344,TX,SFR,Highline Capital,Pier Asset Mgmt,0.07717333333333333,0.008146666666666667
L100105,225956.29,213199.31,4.846,687,83.3,37.4,42,318,WA,SFR,Coastal Mortgage Co,Northgate Servicing,0.16770000000000002,0.010723333333333333
L100106,174118.66,172814.18,7.041,792,45.0,33.9,9,351,TX,SFR,Coastal Mortgage Co,Northgate Servicing,0.06,0.008
L100107,215634.13,207724.57,7.323,657,89.3,55.0,42,318,WA,SFR,Apex Funding,Pier Asset Mgmt,0.049999999999999996,0.015496666666666667
L100108,325822.44,319354.03,4.217,671,91.6,46.4,14,346,WA,SFR,Coastal Mortgage Co,Summit Loan Servicing,0.12493666666666668,0.013753333333333333
L100109,132645.82,129073.73,5.658,727,74.4,30.2,24,336,GA,SFR,Meridian Home Loans,Northgate Servicing,0.11367999999999998,0.008
L100110,282673.63,275598.31,6.301,736,80.7,33.8,25,335,OH,SFR,Coastal Mortgage Co,Summit Loan Servicing,0.089125,0.008
L100111,263868.85,262567.63,7.061,742,80.7,34.3,6,354,WA,SFR,Apex Funding,Northgate Servicing,0.06,0.008
L100112,197214.55,195390.06,5.936,765,66.3,37.2,9,351,GA,SFR,Apex Funding,Pier Asset Mgmt,0.07596,0.008
L100113,146368.07,138329.84,5.651,726,80.6,30.4,15,165,AZ,2-4 Unit,Coastal Mortgage Co,Northgate Servicing,0.093725,0.008
L100114,249009.25,248399.85,7.054,742,64.3,39.5,3,357,GA,Multifamily,Apex Funding,Pier Asset Mgmt,0.06,0.008
L100115,201728.41,193799.57,5.979,701,66.7,47.6,36,324,GA,2-4 Unit,Coastal Mortgage Co,Summit Loan Servicing,0.11105,0.008343333333333335
L100116,263402.0,239944.59,6.888,718,87.5,25.5,26,154,NY,SFR,Apex Funding,Northgate Servicing,0.06485333333333333,0.008
L100117,244665.74,232735.9,5.4,721,85.7,27.0,40,320,NC,Condo,Coastal Mortgage Co,Pier Asset Mgmt,0.13999999999999999,0.008
L100118,425330.85,355204.68,5.183,727,65.5,32.1,41,139,FL,SFR,Highline Capital,Summit Loan Servicing,0.15085,0.008
L100119,223289.75,210818.6,7.08,757,65.2,32.5,17,163,TX,SFR,Apex Funding,Summit Loan Servicing,0.06,0.008
L100120,169698.04,163204.9,6.627,746,66.3,52.0,39,321,FL,Multifamily,Apex Funding,Pier Asset Mgmt,0.07865000000000001,0.008
L100121,258524.69,257913.59,7.23,717,82.8,44.0,3,357,CA,Condo,Coastal Mortgage Co,Summit Loan Servicing,0.06,0.008113333333333334
L100122,262235.66,256386.71,5.921,670,62.0,43.6,21,339,WA,SFR,Highline Capital,Summit Loan Servicing,0.09776499999999999,0.010706666666666666
L100123,390707.96,376472.11,5.684,719,78.3,33.9,32,328,FL,Multifamily,Coastal Mortgage Co,Pier Asset Mgmt,0.1258,0.008
L100124,325230.34,319691.11,7.625,713,83.0,33.7,22,338,AZ,SFR,Highline Capital,Summit Loan Servicing,0.06,0.008
L100125,275104.11,236485.58,5.029,726,72.9,24.4,35,145,IL,SFR,Meridian Home Loans,Northgate Servicing,0.15855000000000002,0.008
L100126,405208.09,391270.69,7.526,820,86.1,42.3,41,319,NY,SFR,Highline Capital,Summit Loan Servicing,0.06,0.008
L100127,160160.69,157679.23,7.588,686,70.3,39.9,20,340,FL,SFR,Highline Capital,Northgate Servicing,0.06,0.00969
L100128,194091.89,192020.35,7.174,738,71.4,46.3,13,347,OH,Multifamily,Meridian Home Loans,Summit Loan Servicing,0.06,0.008
L100129,175553.38,170105.31,5.781,774,62.3,34.3,28,332,GA,SFR,Meridian Home Loans,Summit Loan Servicing,0.11688666666666668,0.008
L100130,211835.77,201694.67,5.665,720,86.2,34.9,41,319,IL,SFR,Highline Capital,Pier Asset Mgmt,0.12675,0.008
L100131,149965.4,142359.05,6.211,820,64.8,37.4,47,313,NC,Condo,Coastal Mortgage Co,Summit Loan Servicing,0.09944999999999998,0.008
L100132,303246.97,288450.18,5.234,694,78.2,43.1,39,321,OH,2-4 Unit,Apex Funding,Summit Loan Servicing,0.1483,0.009893333333333334
L100133,224632.73,221625.56,5.534,733,73.1,24.2,12,348,NC,2-4 Unit,Meridian Home Loans,Summit Loan Servicing,0.08932000000000001,0.008
L100134,145105.71,143879.84,6.98,671,61.4,41.9,10,350,IL,Multifamily,Coastal Mortgage Co,Pier Asset Mgmt,0.06033333333333332,0.010433333333333333
L100135,170169.0,166090.76,6.984,696,66.7,35.8,27,333,OH,2-4 Unit,Apex Funding,Northgate Servicing,0.060719999999999996,0.008056666666666667
L100136,270960.91,265039.38,5.455,729,90.6,27.5,19,341,OH,SFR,Highline Capital,Summit Loan Servicing,0.108925,0.008
L100137,325573.75,317182.02,7.009,762,76.4,19.3,29,331,WA,SFR,Coastal Mortgage Co,Northgate Servicing,0.06,0.008
L100138,488383.29,410336.4,6.809,733,61.9,34.9,44,136,CA,Multifamily,Meridian Home Loans,Northgate Servicing,0.06954999999999999,0.008
L100139,673236.44,659854.38,7.759,784,77.7,47.6,26,334,OH,SFR,Coastal Mortgage Co,Northgate Servicing,0.06,0.008
L100140,280700.43,264810.19,6.912,710,72.2,49.4,17,163,TX,SFR,Apex Funding,Summit Loan Servicing,0.06249333333333333,0.008113333333333334
L100141,171727.06,147324.42,7.353,697,97.0,38.8,41,139,NC,SFR,Highline Capital,Pier Asset Mgmt,0.06,0.011186666666666668
L100142,115126.15,112955.65,6.829,820,77.4,51.7,21,339,NC,SFR,Highline Capital,Pier Asset Mgmt,0.065985,0.008
L100143,266651.81,260119.49,7.282,737,69.4,35.7,29,331,FL,SFR,Highline Capital,Pier Asset Mgmt,0.06,0.008
L100144,182676.23,181187.89,5.242,675,91.0,43.6,7,353,CA,2-4 Unit,Meridian Home Loans,Pier Asset Mgmt,0.08051,0.013106666666666666
L100145,209950.06,204908.52,6.29,677,51.9,32.4,24,336,WA,SFR,Apex Funding,Summit Loan Servicing,0.08839999999999999,0.00825
L100146,195979.65,191950.88,6.365,663,75.1,31.9,21,339,OH,SFR,Apex Funding,Northgate Servicing,0.08222499999999999,0.011936666666666667
L100147,231127.13,229776.42,6.181,767,97.0,30.6,6,354,TX,SFR,Coastal Mortgage Co,Pier Asset Mgmt,0.06819,0.008
L100148,352601.25,349516.6,6.799,695,72.6,19.5,10,350,NC,Condo,Highline Capital,Northgate Servicing,0.06334999999999999,0.008
L100149,256521.3,248597.29,6.971,722,53.2,46.3,34,326,TX,SFR,Highline Capital,Pier Asset Mgmt,0.06144999999999999,0.008
L100150,229688.15,227868.81,6.753,712,69.2,30.9,9,351,GA,SFR,Meridian Home Loans,Northgate Servicing,0.063705,0.008
L100151,168977.56,167835.59,6.241,755,91.5,29.6,7,353,NY,SFR,Highline Capital,Pier Asset Mgmt,0.068855,0.008
L100152,135112.22,133680.23,5.738,668,78.5,26.6,3,177,AZ,SFR,Highline Capital,Summit Loan Servicing,0.06631,0.011423333333333334
L100153,204800.63,204488.74,7.387,656,63.9,34.4,2,358,GA,SFR,Apex Funding,Pier Asset Mgmt,0.049999999999999996,0.011683333333333334
L100154,238273.89,233684.59,6.715,727,65.8,50.1,21,339,IL,SFR,Coastal Mortgage Co,Pier Asset Mgmt,0.06997500000000001,0.008
L100155,450798.38,438822.32,5.483,748,67.3,52.8,23,337,NC,SFR,Highline Capital,Summit Loan Servicing,0.11815166666666668,0.008
L100156,254128.69,246287.18,6.226,733,78.3,22.7,30,330,IL,Condo,Apex Funding,Pier Asset Mgmt,0.09870000000000001,0.008
L100157,342476.67,330393.99,4.831,670,90.1,33.2,27,333,CA,SFR,Highline Capital,Summit Loan Servicing,0.157605,0.012823333333333332
L100158,203871.78,198676.52,6.432,752,86.6,27.7,26,334,GA,SFR,Apex Funding,Pier Asset Mgmt,0.08461333333333332,0.008
L100159,160374.93,152254.64,6.221,674,79.5,43.9,47,313,AZ,2-4 Unit,Highline Capital,Pier Asset Mgmt,0.09895,0.012076666666666666
L100160,173201.19,171027.39,5.883,686,58.0,38.3,12,348,IL,Condo,Coastal Mortgage Co,Summit Loan Servicing,0.08234,0.008353333333333334
L100161,188371.41,183405.81,7.826,663,58.1,30.9,34,326,TX,SFR,Meridian Home Loans,Northgate Servicing,0.06,0.01017
L100162,511429.18,509114.54,5.359,787,80.4,36.6,4,356,CA,Condo,Coastal Mortgage Co,Northgate Servicing,0.07094,0.008
L100163,182137.04,175476.33,7.036,750,57.9,32.2,40,320,FL,SFR,Highline Capital,Pier Asset Mgmt,0.06,0.008
L100164,325615.08,308213.86,8.368,748,71.3,48.9,18,162,AZ,SFR,Apex Funding,Summit Loan Servicing,0.06,0.008
L100165,177012.47,174604.28,7.37,784,77.6,40.4,17,343,NY,Condo,Apex Funding,Pier Asset Mgmt,0.06,0.008
L100166,336398.1,334180.76,6.372,820,60.3,41.4,7,353,WA,SFR,Apex Funding,Summit Loan Servicing,0.06732666666666666,0.008
L100167,277821.15,269957.46,5.379,621,61.7,14.7,24,336,NY,SFR,Apex Funding,Summit Loan Servicing,0.11484000000000003,0.01365
L100168,229848.74,224566.01,5.174,674,72.9,35.5,19,341,IL,2-4 Unit,Meridian Home Loans,Pier Asset Mgmt,0.11782333333333332,0.010856666666666667
L100169,239362.19,227135.63,6.03,681,80.0,52.7,46,314,AZ,Condo,Coastal Mortgage Co,Northgate Servicing,0.10849999999999999,0.012013333333333334
L100170,193073.13,191234.75,5.782,668,86.7,46.6,9,351,NC,Multifamily,Meridian Home Loans,Pier Asset Mgmt,0.07827,0.013576666666666667
L100171,283828.45,277626.31,5.752,656,81.3,21.2,20,340,CA,2-4 Unit,Coastal Mortgage Co,Pier Asset Mgmt,0.0916,0.012543333333333333
L100172,207058.32,197377.01,6.106,699,74.9,33.5,43,317,CA,SFR,Apex Funding,Pier Asset Mgmt,0.10470000000000002,0.008423333333333335
L100173,158108.69,151886.95,6.308,648,65.0,26.4,38,322,TX,SFR,Highline Capital,Summit Loan Servicing,0.08460000000000002,0.012060000000000001
L100174,155239.11,150005.24,6.837,733,61.1,49.7,36,324,OH,SFR,Meridian Home Loans,Summit Loan Servicing,0.06815000000000002,0.008
L100175,257920.27,250171.91,5.286,718,67.9,38.0,25,335,CA,Condo,Apex Funding,Pier Asset Mgmt,0.13141666666666668,0.008
L100176,421966.81,401650.34,5.786,741,78.9,29.9,42,318,CA,SFR,Meridian Home Loans,Pier Asset Mgmt,0.12070000000000003,0.008
L100177,256785.67,247031.49,6.256,743,78.0,36.3,11,169,AZ,SFR,Meridian Home Loans,Pier Asset Mgmt,0.07364,0.008
L100178,232926.12,223352.52,6.224,748,48.8,15.1,39,321,NC,SFR,Highline Capital,Pier Asset Mgmt,0.0988,0.008
L100179,268347.79,262880.95,8.053,694,64.6,27.3,28,332,WA,Condo,Apex Funding,Summit Loan Servicing,0.06,0.008
L100180,383502.19,377470.81,6.609,820,88.5,36.3,17,343,FL,SFR,Meridian Home Loans,Pier Asset Mgmt,0.07107833333333333,0.008
L100181,262179.29,258607.58,4.948,728,75.0,42.8,11,349,NC,SFR,Meridian Home Loans,Summit Loan Servicing,0.09761999999999998,0.008
L100182,210275.84,205453.99,6.776,613,57.0,20.5,25,335,TX,2-4 Unit,Meridian Home Loans,Pier Asset Mgmt,0.05933333333333334,0.014366666666666666
L100183,357610.99,357311.49,6.891,660,97.0,33.0,1,359,GA,Condo,Coastal Mortgage Co,Northgate Servicing,0.06018166666666666,0.0145
L100184,282113.5,272250.46,6.287,619,73.7,44.1,34,326,TX,SFR,Meridian Home Loans,Summit Loan Servicing,0.08565000000000002,0.017010000000000004
L100185,415614.99,409816.17,5.308,716,78.6,24.4,12,348,WA,SFR,Apex Funding,Pier Asset Mgmt,0.09384,0.008
L100186,258883.14,255364.69,7.982,708,78.8,37.8,19,341,IL,Multifamily,Coastal Mortgage Co,Pier Asset Mgmt,0.06,0.008199999999999999
L100187,158171.61,152349.25,5.437,689,69.6,36.5,10,170,FL,SFR,Apex Funding,Northgate Servicing,0.08604999999999999,0.009093333333333333
L100188,150413.63,147525.68,6.995,820,65.3,49.7,22,338,WA,SFR,Meridian Home Loans,Pier Asset Mgmt,0.060183333333333325,0.008
L100189,432710.75,406004.35,6.58,745,97.0,34.2,18,162,CA,Multifamily,Meridian Home Loans,Summit Loan Servicing,0.0726,0.008
L100190,443868.22,430902.93,6.941,755,86.0,34.6,9,171,AZ,SFR,Meridian Home Loans,Summit Loan Servicing,0.060885,0.008
L100191,228015.36,220540.03,7.936,664,83.9,42.8,42,318,GA,SFR,Meridian Home Loans,Summit Loan Servicing,0.06,0.013443333333333335
L100192,212327.34,205256.58,6.905,660,80.9,25.4,36,324,NC,SFR,Meridian Home Loans,Summit Loan Servicing,0.06474999999999999,0.012383333333333335
L100193,404944.58,396777.78,5.897,717,62.0,34.2,19,341,FL,SFR,Coastal Mortgage Co,Northgate Servicing,0.09492833333333332,0.008
L100194,164807.6,163291.27,7.395,725,89.3,32.4,3,177,OH,SFR,Highline Capital,Northgate Servicing,0.06,0.008
L100195,177521.24,169485.8,5.832,613,63.9,34.9,40,320,IL,Condo,Apex Funding,Summit Loan Servicing,0.10840000000000001,0.016016666666666665
L100196,304115.97,268144.09,6.547,705,77.4,42.8,33,147,IL,SFR,Coastal Mortgage Co,Northgate Servicing,0.08265000000000002,0.008693333333333334
L100197,211480.53,189303.46,5.236,716,54.3,40.4,27,153,IL,Condo,Highline Capital,Summit Loan Servicing,0.13938,0.008
L100198,242366.75,234115.38,5.47,703,49.5,30.0,29,331,FL,2-4 Unit,Highline Capital,Northgate Servicing,0.13395,0.008
L100199,229301.95,229092.48,6.446,670,77.8,37.1,1,359,NY,2-4 Unit,Highline Capital,Pier Asset Mgmt,0.06092333333333333,0.011853333333333334
L100200,273252.37,267472.46,6.731,685,64.3,47.9,23,337,TX,SFR,Highline Capital,Northgate Servicing,0.07031166666666668,0.009723333333333334
L100201,397368.23,392893.06,4.868,705,50.1,29.3,9,351,IL,Condo,Apex Funding,Summit Loan Servicing,0.09197999999999999,0.008
L100202,250622.9,243467.06,6.848,720,80.5,37.2,31,329,IL,SFR,Highline Capital,Summit Loan Servicing,0.06760000000000001,0.008
L100203,304181.12,288433.84,5.663,748,97.0,34.5,44,316,NY,Condo,Coastal Mortgage Co,Pier Asset Mgmt,0.12685,0.008
L100204,118472.93,116125.12,7.552,774,90.7,35.5,25,335,WA,SFR,Highline Capital,Summit Loan Servicing,0.06,0.008
L100205,238696.6,231410.15,6.083,699,70.9,23.0,29,331,TX,Condo,Meridian Home Loans,Pier Asset Mgmt,0.10432166666666666,0.008
L100206,180749.87,173814.77,5.389,690,74.1,47.3,32,328,WA,SFR,Coastal Mortgage Co,Summit Loan Servicing,0.14055,0.010163333333333333
L100207,158485.03,151347.97,6.468,739,84.7,29.8,44,316,OH,SFR,Highline Capital,Northgate Servicing,0.0866,0.008
L100208,178554.06,178167.77,5.575,749,87.5,44.2,2,358,CA,SFR,Meridian Home Loans,Northgate Servicing,0.06475,0.008
L100209,216004.99,205814.75,7.542,691,69.9,31.0,15,165,AZ,SFR,Apex Funding,Northgate Servicing,0.06,0.008556666666666667
L100210,334558.12,330418.47,6.4,758,74.4,31.0,13,347,FL,SFR,Coastal Mortgage Co,Pier Asset Mgmt,0.073,0.008
L100211,152628.56,133591.48,6.263,769,77.6,45.7,34,146,CA,SFR,Meridian Home Loans,Summit Loan Servicing,0.09685,0.008
L100212,245418.7,240651.36,6.933,786,80.6,44.0,22,338,OH,Condo,Meridian Home Loans,Northgate Servicing,0.062456666666666674,0.008
L100213,204953.97,195924.52,5.496,813,72.4,37.7,37,323,TX,Condo,Apex Funding,Northgate Servicing,0.1352,0.008
L100214,216493.2,210487.6,5.24,667,72.6,42.1,23,337,FL,SFR,Apex Funding,Summit Loan Servicing,0.12746666666666667,0.011966666666666667
L100215,344884.63,329394.29,6.768,716,90.6,33.7,46,314,CA,Condo,Apex Funding,Northgate Servicing,0.07160000000000001,0.008306666666666667
L100216,293120.89,280014.19,5.41,716,88.5,35.9,37,323,TX,Condo,Meridian Home Loans,Pier Asset Mgmt,0.1395,0.008243333333333333
L100217,387739.63,387307.99,5.41,710,79.7,30.7,1,359,CA,2-4 Unit,Coastal Mortgage Co,Summit Loan Servicing,0.06265,0.008
L100218,230020.34,220131.42,7.153,679,94.6,43.2,47,313,OH,SFR,Meridian Home Loans,Summit Loan Servicing,0.06,0.01304
L100219,190312.0,159250.6,6.873,633,69.4,30.5,45,135,CA,SFR,Meridian Home Loans,Northgate Servicing,0.05634999999999999,0.014273333333333336
L100220,224504.14,223731.37,5.272,720,93.5,47.9,3,357,AZ,Condo,Coastal Mortgage Co,Summit Loan Servicing,0.06863999999999999,0.009143333333333333
L100221,264308.93,246020.15,5.843,673,80.5,33.5,19,161,TX,SFR,Apex Funding,Summit Loan Servicing,0.09663833333333333,0.011583333333333334
L100222,258280.29,244050.99,5.587,720,97.0,36.2,46,314,WA,SFR,Coastal Mortgage Co,Pier Asset Mgmt,0.13065000000000002,0.008713333333333333
L100223,166119.75,144194.93,7.999,671,59.7,42.1,40,140,OH,SFR,Meridian Home Loans,Summit Loan Servicing,0.06,0.010276666666666667
L100224,250614.56,245774.15,7.215,655,65.7,36.2,23,337,NC,SFR,Meridian Home Loans,Summit Loan Servicing,0.049999999999999996,0.012083333333333335
L100225,262992.27,237989.23,6.021,728,79.0,33.6,26,154,OH,SFR,Coastal Mortgage Co,Northgate Servicing,0.10242333333333334,0.008
L100226,586023.94,585044.94,6.919,723,78.8,35.8,2,358,FL,Condo,Coastal Mortgage Co,Northgate Servicing,0.06027,0.008
L100227,468314.62,452762.78,5.179,747,97.0,43.2,27,333,AZ,SFR,Highline Capital,Northgate Servicing,0.141945,0.008
L100228,180117.52,173682.04,5.795,820,66.0,30.7,32,328,FL,Condo,Apex Funding,Northgate Servicing,0.12025,0.008
L100229,219567.68,216039.09,6.494,730,84.9,35.0,17,343,NC,SFR,Highline Capital,Summit Loan Servicing,0.07433666666666668,0.008
L100230,145480.2,143546.62,6.807,742,87.9,36.1,15,345,WA,Condo,Meridian Home Loans,Pier Asset Mgmt,0.064825,0.008
L100231,197452.35,189461.94,6.312,656,82.5,42.9,39,321,AZ,Condo,Coastal Mortgage Co,Summit Loan Servicing,0.08439999999999999,0.014110000000000001
L100232,271159.3,265577.37,6.623,644,62.5,35.2,22,338,FL,SFR,Meridian Home Loans,Northgate Servicing,0.06382333333333333,0.012796666666666668
L100233,370292.59,365771.83,6.471,802,90.9,50.5,13,347,AZ,SFR,Meridian Home Loans,Summit Loan Servicing,0.07146166666666666,0.008
L100234,188117.24,184759.97,6.253,664,88.8,34.7,18,342,OH,SFR,Highline Capital,Northgate Servicing,0.08241,0.013393333333333333
L100235,193116.47,188344.11,6.133,658,81.2,34.1,24,336,OH,Multifamily,Coastal Mortgage Co,Northgate Servicing,0.08468,0.013193333333333335
L100236,114513.6,112990.87,6.016,713,76.5,34.6,13,347,AZ,SFR,Apex Funding,Northgate Servicing,0.08132,0.008
L100237,229364.32,223472.41,6.609,710,76.7,25.5,27,333,AZ,SFR,Coastal Mortgage Co,Northgate Servicing,0.077595,0.008
L100238,167402.26,142626.43,6.77,665,73.1,27.7,41,139,AZ,SFR,Meridian Home Loans,Summit Loan Servicing,0.07150000000000002,0.011256666666666665
L100239,201732.17,176340.38,6.579,698,81.7,31.8,35,145,AZ,SFR,Highline Capital,Summit Loan Servicing,0.08105000000000001,0.00909
L100240,178634.79,171328.06,5.339,783,74.4,45.1,11,169,TX,SFR,Apex Funding,Pier Asset Mgmt,0.09045166666666665,0.008
L100241,234921.83,214530.01,5.501,671,63.8,35.7,23,157,OH,Condo,Apex Funding,Northgate Servicing,0.11746166666666666,0.01026
L100242,131241.58,128092.75,6.759,638,61.4,32.1,26,334,TX,SFR,Apex Funding,Northgate Servicing,0.060443333333333314,0.013080000000000001
L100243,145296.85,141647.4,7.725,767,65.0,45.8,32,328,GA,2-4 Unit,Coastal Mortgage Co,Pier Asset Mgmt,0.06,0.008
L100244,511568.35,493361.39,6.537,742,76.7,48.4,36,324,NY,SFR,Coastal Mortgage Co,Pier Asset Mgmt,0.08315,0.008
L100245,154724.61,150999.82,6.029,681,73.7,46.0,23,337,FL,SFR,Highline Capital,Northgate Servicing,0.09722166666666668,0.010936666666666667
L100246,165400.49,163114.99,6.602,628,76.6,29.2,15,345,FL,Condo,Meridian Home Loans,Pier Asset Mgmt,0.05994999999999998,0.015406666666666666
L100247,461815.04,444653.01,5.377,674,80.0,32.0,31,329,CA,Condo,Coastal Mortgage Co,Northgate Servicing,0.14115,0.011333333333333334
L100248,671167.16,658895.84,7.578,712,66.5,50.5,6,174,IL,2-4 Unit,Coastal Mortgage Co,Summit Loan Servicing,0.06,0.008
L100249,161127.57,156115.18,6.568,779,91.6,37.9,32,328,IL,SFR,Apex Funding,Northgate Servicing,0.08160000000000002,0.008
L100250,213440.39,202912.91,5.797,658,70.8,33.9,43,317,IL,SFR,Highline Capital,Pier Asset Mgmt,0.11015000000000001,0.01214
L100251,273633.38,264003.3,6.25,710,68.8,41.7,34,326,CA,Condo,Highline Capital,Pier Asset Mgmt,0.0975,0.008
L100252,444650.64,434742.12,5.926,752,79.8,44.1,21,339,NC,SFR,Apex Funding,Northgate Servicing,0.09759,0.008
L100253,171888.28,166357.27,7.581,584,52.0,31.4,39,321,TX,2-4 Unit,Meridian Home Loans,Pier Asset Mgmt,0.049999999999999996,0.017493333333333333
L100254,222827.4,216922.73,6.218,772,64.5,37.8,26,334,OH,SFR,Highline Capital,Summit Loan Servicing,0.09388666666666667,0.008
L100255,318719.97,310757.53,6.54,650,85.8,43.4,26,334,CA,SFR,Coastal Mortgage Co,Summit Loan Servicing,0.06993333333333333,0.015073333333333333
L100256,282707.51,241288.31,6.916,733,53.2,26.7,41,139,CA,Condo,Coastal Mortgage Co,Northgate Servicing,0.06419999999999998,0.008
L100257,212850.51,205200.46,5.733,729,87.4,36.1,10,170,NY,Condo,Highline Capital,Summit Loan Servicing,0.08111666666666667,0.008
L100258,231691.49,200676.75,6.574,775,92.1,27.1,37,143,IL,2-4 Unit,Coastal Mortgage Co,Pier Asset Mgmt,0.08130000000000001,0.008
L100259,150059.4,145457.87,6.647,745,69.6,28.1,32,328,WA,2-4 Unit,Coastal Mortgage Co,Summit Loan Servicing,0.07764999999999998,0.008
L100260,223382.13,216326.78,5.001,584,77.5,31.5,25,335,GA,SFR,Highline Capital,Northgate Servicing,0.13329166666666664,0.02005
L100261,221187.13,220400.36,6.627,672,87.4,39.8,4,356,NY,SFR,Coastal Mortgage Co,Pier Asset Mgmt,0.06248666666666666,0.012793333333333334
L100262,263355.33,228625.04,6.359,723,68.4,33.4,36,144,OH,Multifamily,Apex Funding,Summit Loan Servicing,0.09204999999999999,0.008
L100263,199912.58,197876.49,6.517,704,84.4,30.8,11,349,FL,SFR,Meridian Home Loans,Summit Loan Servicing,0.06885499999999999,0.008693333333333334
L100264,286369.58,273721.86,6.432,741,65.9,36.4,43,317,OH,SFR,Highline Capital,Northgate Servicing,0.08839999999999998,0.008
L100265,346088.75,333236.51,6.633,758,68.3,26.8,38,322,IL,2-4 Unit,Coastal Mortgage Co,Pier Asset Mgmt,0.07835,0.008
L100266,256375.97,252834.9,7.604,748,64.4,39.4,18,342,NY,SFR,Apex Funding,Summit Loan Servicing,0.06,0.008
L100267,274612.07,267807.36,5.338,703,78.1,45.1,21,339,NY,Multifamily,Apex Funding,Summit Loan Servicing,0.11817,0.009116666666666667
L100268,247361.07,246875.95,6.092,613,87.9,35.4,2,358,CA,SFR,Coastal Mortgage Co,Pier Asset Mgmt,0.05302666666666666,0.01845
L100269,242808.79,237697.54,7.0,690,71.8,34.4,24,336,NC,2-4 Unit,Coastal Mortgage Co,Northgate Servicing,0.06,0.009073333333333333
L100270,188613.4,188131.35,6.833,738,58.7,39.0,3,357,GA,SFR,Meridian Home Loans,Pier Asset Mgmt,0.060835,0.008
L100271,271243.71,258858.07,6.813,655,61.0,19.8,47,313,NC,Condo,Coastal Mortgage Co,Summit Loan Servicing,0.05935000000000001,0.01052
L100272,234673.32,230111.04,8.878,750,78.7,40.3,31,329,NC,Condo,Coastal Mortgage Co,Summit Loan Servicing,0.06,0.008
L100273,505149.1,485322.27,6.953,765,96.1,55.0,12,168,CA,SFR,Coastal Mortgage Co,Northgate Servicing,0.060939999999999994,0.008
L100274,421120.47,407559.06,7.418,722,78.7,35.0,38,322,OH,SFR,Coastal Mortgage Co,Summit Loan Servicing,0.06,0.008
L100275,277908.25,277638.09,6.124,580,69.4,35.0,1,359,GA,Multifamily,Apex Funding,Northgate Servicing,0.05146,0.019873333333333333
L100276,185893.64,180294.86,5.506,645,83.2,41.9,26,334,NC,Multifamily,Highline Capital,Pier Asset Mgmt,0.11474,0.015213333333333334
L100277,164498.38,163525.28,6.117,819,71.1,49.2,6,354,CA,Multifamily,Highline Capital,Pier Asset Mgmt,0.06883,0.008
L100278,368390.96,367487.08,7.041,685,69.5,43.8,3,357,AZ,SFR,Highline Capital,Pier Asset Mgmt,0.06,0.00997
L100279,266189.1,255579.72,6.766,606,62.5,18.8,12,168,NC,SFR,Apex Funding,Northgate Servicing,0.05468,0.015503333333333334
L100280,287233.34,283650.5,6.763,783,90.9,40.5,14,346,NY,SFR,Coastal Mortgage Co,Pier Asset Mgmt,0.06553,0.008
L100281,131846.67,127020.44,6.207,716,43.5,55.0,35,325,WA,SFR,Apex Funding,Northgate Servicing,0.09965000000000002,0.008
L100282,335911.65,320498.8,6.064,776,83.6,41.0,42,318,NC,SFR,Meridian Home Loans,Northgate Servicing,0.1068,0.008
L100283,284658.96,273645.58,6.238,730,68.4,26.8,37,323,WA,SFR,Highline Capital,Pier Asset Mgmt,0.09809999999999998,0.008
L100284,164612.46,159439.46,7.052,740,69.1,38.3,35,325,OH,SFR,Apex Funding,Pier Asset Mgmt,0.06,0.008
L100285,205863.03,201086.13,7.157,735,94.3,25.8,27,333,FL,SFR,Meridian Home Loans,Pier Asset Mgmt,0.06,0.008
L100286,266279.3,260817.66,5.494,753,65.4,45.9,18,342,WA,SFR,Coastal Mortgage Co,Summit Loan Servicing,0.10518000000000001,0.008
L100287,247301.47,237700.74,7.086,820,65.8,28.4,12,168,AZ,SFR,Coastal Mortgage Co,Pier Asset Mgmt,0.06,0.008
L100288,219200.06,207862.07,5.814,768,72.4,36.6,45,315,TX,SFR,Coastal Mortgage Co,Pier Asset Mgmt,0.11929999999999999,0.008
L100289,234164.49,214070.4,6.822,628,79.0,29.1,25,155,AZ,2-4 Unit,Meridian Home Loans,Pier Asset Mgmt,0.057416666666666664,0.01564
L100290,222305.52,216181.93,6.227,740,68.7,31.6,27,333,IL,Multifamily,Meridian Home Loans,Summit Loan Servicing,0.09478499999999998,0.008
L100291,256118.85,255940.22,7.809,778,55.1,47.9,1,359,OH,SFR,Coastal Mortgage Co,Northgate Servicing,0.06,0.008
L100292,406371.15,374020.12,6.024,781,63.6,36.8,22,158,TX,Multifamily,Coastal Mortgage Co,Pier Asset Mgmt,0.09578666666666666,0.008
L100293,98880.72,95695.63,6.561,692,89.4,31.5,33,327,FL,2-4 Unit,Highline Capital,Pier Asset Mgmt,0.08195,0.010440000000000001
L100294,223485.63,218733.29,6.946,779,74.9,26.8,24,336,NY,SFR,Coastal Mortgage Co,Summit Loan Servicing,0.06216000000000001,0.008
L100295,258274.78,249701.0,5.613,766,79.4,21.0,29,331,IL,SFR,Coastal Mortgage Co,Northgate Servicing,0.1270383333333333,0.008
L100296,269304.48,258448.74,6.334,820,70.9,26.0,39,321,NC,SFR,Highline Capital,Pier Asset Mgmt,0.09330000000000002,0.008
L100297,213166.73,211716.93,6.16,674,66.1,36.9,2,178,FL,SFR,Highline Capital,Pier Asset Mgmt,0.0628,0.01027
L100298,131287.83,109600.95,5.938,687,94.1,43.8,43,137,AZ,SFR,Meridian Home Loans,Summit Loan Servicing,0.1131,0.01223
L100299,272337.78,260703.19,6.004,698,71.7,31.5,39,321,CA,SFR,Meridian Home Loans,Pier Asset Mgmt,0.10980000000000002,0.00807
L100300,444440.99,415714.71,7.401,688,68.7,48.6,20,160,NY,2-4 Unit,Meridian Home Loans,Pier Asset Mgmt,0.06,0.00991
L100301,141938.41,136242.64,5.861,666,87.2,30.3,36,324,NC,SFR,Coastal Mortgage Co,Summit Loan Servicing,0.11695000000000001,0.012740000000000001
L100302,328515.67,327409.76,6.91,580,65.3,34.1,4,356,FL,SFR,Apex Funding,Summit Loan Servicing,0.05059999999999999,0.019403333333333335
L100303,216428.64,213483.54,6.683,691,66.9,27.4,15,345,IL,Multifamily,Coastal Mortgage Co,Summit Loan Servicing,0.067925,0.008016666666666667
L100304,237645.77,235959.35,5.143,735,74.1,43.9,6,354,NC,Multifamily,Meridian Home Loans,Summit Loan Servicing,0.07857,0.008
L100305,167960.74,163349.5,6.867,688,74.0,52.8,30,330,FL,Condo,Meridian Home Loans,Pier Asset Mgmt,0.06665,0.01072
L100306,215979.84,204649.89,5.128,820,77.1,21.9,41,319,WA,Condo,Apex Funding,Northgate Servicing,0.15360000000000001,0.008
L100307,382703.42,344573.08,6.965,716,97.0,33.2,29,151,OH,Multifamily,Coastal Mortgage Co,Pier Asset Mgmt,0.06169166666666667,0.008913333333333334
L100308,297726.14,286662.33,5.944,786,78.0,46.1,34,326,WA,SFR,Meridian Home Loans,Summit Loan Servicing,0.11280000000000001,0.008
L100309,445213.43,442298.97,6.408,729,45.5,24.4,7,353,IL,2-4 Unit,Apex Funding,Northgate Servicing,0.06690666666666666,0.008
L100310,366624.76,346217.93,5.235,760,77.9,40.5,44,316,NY,SFR,Apex Funding,Pier Asset Mgmt,0.14825,0.008
L100311,283135.35,280517.46,6.51,730,74.5,45.8,10,350,WA,SFR,Coastal Mortgage Co,Pier Asset Mgmt,0.06816666666666667,0.008
L100312,447028.26,437619.45,7.234,790,74.5,36.6,25,335,AZ,SFR,Highline Capital,Summit Loan Servicing,0.06,0.008
L100313,283126.08,272443.16,5.674,718,77.0,40.4,33,327,AZ,SFR,Highline Capital,Northgate Servicing,0.12629999999999997,0.008
L100314,324420.52,309388.26,5.854,742,73.7,50.1,41,319,TX,SFR,Meridian Home Loans,Northgate Servicing,0.11729999999999999,0.008
L100315,218862.76,209582.77,6.809,735,73.4,51.6,44,316,OH,SFR,Highline Capital,Northgate Servicing,0.06954999999999999,0.008
L100316,248523.09,223514.04,6.832,699,81.4,35.5,29,151,GA,SFR,Meridian Home Loans,Northgate Servicing,0.06812,0.009206666666666667
L100317,190213.36,182460.4,4.209,737,67.5,31.7,28,332,AZ,SFR,Coastal Mortgage Co,Northgate Servicing,0.1902466666666667,0.008
L100318,343298.08,338588.64,8.214,820,62.6,28.6,20,340,OH,SFR,Highline Capital,Pier Asset Mgmt,0.06,0.008
L100319,160748.09,145824.75,6.876,700,97.0,43.8,27,153,TX,2-4 Unit,Highline Capital,Summit Loan Servicing,0.06557999999999999,0.01122
L100320,319279.64,310147.1,7.027,738,65.4,25.0,32,328,CA,SFR,Meridian Home Loans,Summit Loan Servicing,0.06,0.008
L100321,227128.71,219926.04,6.271,784,75.2,34.0,31,329,CA,Condo,Meridian Home Loans,Northgate Servicing,0.09645000000000001,0.008
L100322,365834.56,352187.26,4.73,778,56.1,36.8,28,332,NC,SFR,Meridian Home Loans,Northgate Servicing,0.16593333333333332,0.008
L100323,315780.98,310023.78,7.007,716,75.4,32.0,21,339,WA,2-4 Unit,Coastal Mortgage Co,Pier Asset Mgmt,0.06,0.008
L100324,459193.13,454421.23,5.891,584,62.8,38.2,10,350,CA,SFR,Coastal Mortgage Co,Pier Asset Mgmt,0.06848333333333333,0.019026666666666664
L100325,313567.88,312775.37,6.89,743,68.7,55.0,3,357,TX,SFR,Coastal Mortgage Co,Summit Loan Servicing,0.06055,0.008
L100326,140054.36,137236.52,6.203,593,86.5,35.0,20,340,IL,SFR,Coastal Mortgage Co,Northgate Servicing,0.07656666666666666,0.020283333333333334
L100327,237178.05,232989.67,6.614,796,79.7,32.5,19,341,NY,Multifamily,Apex Funding,Pier Asset Mgmt,0.07222333333333333,0.008
L100328,161102.72,155839.34,5.703,724,80.8,44.1,29,331,TX,Multifamily,Highline Capital,Pier Asset Mgmt,0.12268833333333333,0.008
L100329,202521.65,194689.57,7.178,770,52.7,37.9,43,317,NC,Condo,Apex Funding,Pier Asset Mgmt,0.06,0.008
L100330,412062.35,395552.36,5.33,665,96.0,47.5,33,327,WA,Condo,Coastal Mortgage Co,Northgate Servicing,0.14350000000000002,0.014866666666666667
L100331,303499.98,295394.4,8.421,630,59.7,37.3,38,322,FL,SFR,Apex Funding,Summit Loan Servicing,0.049999999999999996,0.014056666666666665
L100332,190113.08,186500.38,8.414,729,92.3,34.0,28,332,CA,Condo,Apex Funding,Summit Loan Servicing,0.06,0.008
L100333,170279.92,164318.1,7.869,713,86.3,21.7,44,316,FL,SFR,Highline Capital,Pier Asset Mgmt,0.06,0.008
L100334,245603.5,236247.12,7.548,688,80.9,23.0,45,315,TX,SFR,Highline Capital,Northgate Servicing,0.06,0.009423333333333334
L100335,158610.05,157401.04,6.324,720,63.7,21.3,8,352,IL,Multifamily,Coastal Mortgage Co,Pier Asset Mgmt,0.06901333333333333,0.008
L100336,191971.25,187068.78,7.45,820,75.8,39.0,31,329,TX,Multifamily,Highline Capital,Summit Loan Servicing,0.06,0.008
L100337,270818.28,264342.49,6.313,761,68.3,25.1,24,336,NY,SFR,Highline Capital,Northgate Servicing,0.08748,0.008
L100338,363799.88,341693.88,5.002,773,74.3,46.0,46,314,TX,SFR,Meridian Home Loans,Pier Asset Mgmt,0.15990000000000001,0.008
L100339,300458.98,293977.1,7.753,761,71.0,36.2,28,332,NC,SFR,Apex Funding,Summit Loan Servicing,0.06,0.008
L100340,108885.12,108802.94,7.416,796,49.5,34.0,1,359,IL,SFR,Meridian Home Loans,Summit Loan Servicing,0.06,0.008
L100341,270094.82,260880.29,6.372,705,87.5,29.2,10,170,CA,SFR,Coastal Mortgage Co,Summit Loan Servicing,0.07046666666666666,0.008796666666666666
L100342,249000.89,246992.62,5.297,602,73.0,41.0,7,353,CA,SFR,Meridian Home Loans,Summit Loan Servicing,0.06986833333333334,0.018433333333333336
L100343,280649.43,277722.58,5.872,705,68.2,29.6,10,350,IL,SFR,Coastal Mortgage Co,Northgate Servicing,0.0788,0.008
L100344,427484.53,424779.39,4.761,760,67.3,28.1,5,355,GA,SFR,Apex Funding,Summit Loan Servicing,0.07865833333333333,0.008
L100345,117932.37,114131.45,7.251,662,78.3,45.5,37,323,TX,SFR,Coastal Mortgage Co,Summit Loan Servicing,0.06,0.013263333333333334
L100346,197424.95,191405.31,4.957,705,63.3,38.8,24,336,NY,Condo,Meridian Home Loans,Northgate Servicing,0.14172,0.008
L100347,298587.18,289449.4,6.658,677,46.9,34.1,32,328,NC,SFR,Coastal Mortgage Co,Summit Loan Servicing,0.07709999999999997,0.008
L100348,139586.81,131782.1,5.641,798,78.9,41.1,47,313,IL,SFR,Apex Funding,Northgate Servicing,0.12795,0.008
L100349,407005.58,391178.6,5.116,756,80.2,36.1,31,329,TX,Condo,Highline Capital,Pier Asset Mgmt,0.1542,0.008
L100350,276212.23,270242.25,6.615,751,71.6,39.1,23,337,NY,Condo,Meridian Home Loans,Pier Asset Mgmt,0.07475833333333333,0.008
L100351,326538.91,322264.34,6.1,749,60.2,29.5,13,347,TX,SFR,Coastal Mortgage Co,Pier Asset Mgmt,0.07950000000000002,0.008
L100352,198822.89,192495.93,7.154,713,75.1,52.6,36,324,WA,Condo,Meridian Home Loans,Pier Asset Mgmt,0.06,0.008316666666666667
L100353,322809.39,313475.88,5.259,726,56.4,31.4,24,336,OH,SFR,Meridian Home Loans,Pier Asset Mgmt,0.12963999999999998,0.008
L100354,352908.83,304222.23,5.718,650,61.7,48.4,36,144,NY,SFR,Meridian Home Loans,Summit Loan Servicing,0.11410000000000001,0.012996666666666667
L100355,263420.61,262693.61,4.251,595,65.0,34.5,2,358,FL,SFR,Highline Capital,Pier Asset Mgmt,0.059163333333333325,0.0179
L100356,263561.05,260714.43,4.434,723,84.1,42.5,8,352,TX,Multifamily,Highline Capital,Northgate Servicing,0.09421333333333333,0.008
L100357,266897.54,265623.22,8.018,733,69.6,41.9,7,353,AZ,Multifamily,Apex Funding,Summit Loan Servicing,0.06,0.008
L100358,179481.81,175278.52,8.275,782,68.6,45.2,33,327,WA,Condo,Coastal Mortgage Co,Northgate Servicing,0.06,0.008
L100359,230582.72,225000.81,6.483,801,97.0,29.3,25,335,FL,2-4 Unit,Highline Capital,Summit Loan Servicing,0.08154166666666668,0.008
L100360,230180.05,226388.96,5.659,801,78.2,44.6,15,345,NC,SFR,Coastal Mortgage Co,Northgate Servicing,0.093525,0.008
L100361,277669.78,273478.41,6.131,660,78.1,50.8,15,345,FL,Condo,Apex Funding,Northgate Servicing,0.08172499999999999,0.013796666666666667
L100362,344530.7,335937.86,7.186,696,69.6,33.9,29,331,WA,SFR,Apex Funding,Summit Loan Servicing,0.06,0.00822
L100363,167629.65,158929.28,5.937,741,66.8,36.3,46,314,FL,SFR,Apex Funding,Northgate Servicing,0.11314999999999999,0.008
L100364,232407.33,221417.42,6.614,820,47.8,31.8,47,313,CA,SFR,Coastal Mortgage Co,Summit Loan Servicing,0.07930000000000001,0.008
L100365,407790.74,374698.64,6.389,796,85.6,33.2,23,157,OH,Condo,Coastal Mortgage Co,Summit Loan Servicing,0.08342166666666666,0.008
L100366,187164.67,180586.64,5.888,777,79.4,49.7,32,328,WA,Condo,Coastal Mortgage Co,Summit Loan Servicing,0.11560000000000001,0.008
L100367,182082.01,179543.04,5.926,694,71.9,28.0,4,176,NY,2-4 Unit,Apex Funding,Pier Asset Mgmt,0.06716,0.008256666666666667
L100368,260617.0,248987.83,6.664,666,72.4,28.5,45,315,WA,SFR,Apex Funding,Northgate Servicing,0.07680000000000001,0.01114
L100369,326287.71,325931.98,5.521,758,82.8,48.9,1,359,FL,Multifamily,Coastal Mortgage Co,Summit Loan Servicing,0.062465,0.008
L100370,243774.55,240081.39,6.807,654,55.3,41.0,17,343,FL,2-4 Unit,Apex Funding,Pier Asset Mgmt,0.05546833333333332,0.011463333333333334
L100371,386596.27,335802.08,5.976,702,66.9,53.0,35,145,GA,2-4 Unit,Meridian Home Loans,Northgate Servicing,0.1112,0.008623333333333334
L100372,327707.88,312319.85,6.515,709,60.4,32.4,46,314,NC,SFR,Coastal Mortgage Co,Summit Loan Servicing,0.08425000000000002,0.008
L100373,325994.9,323825.63,7.646,803,95.3,37.0,9,351,NY,SFR,Highline Capital,Northgate Servicing,0.06,0.008
L100374,294767.08,260313.87,6.249,695,84.5,30.7,32,148,AZ,Condo,Apex Funding,Summit Loan Servicing,0.09755000000000003,0.009596666666666667
L100375,548355.23,532718.19,7.228,581,47.6,37.1,9,171,AZ,Multifamily,Apex Funding,Northgate Servicing,0.049999999999999996,0.017733333333333334
L100376,225978.11,223386.05,4.787,743,55.8,21.8,3,177,TX,SFR,Highline Capital,Pier Asset Mgmt,0.071065,0.008
L100377,120423.17,117897.53,5.977,677,72.4,41.5,20,340,WA,SFR,Apex Funding,Summit Loan Servicing,0.09409999999999999,0.010906666666666669
L100378,425699.52,413937.82,6.425,717,68.3,38.6,28,332,TX,SFR,Apex Funding,Pier Asset Mgmt,0.08683333333333335,0.008
L100379,206861.59,205031.39,8.131,710,58.1,35.5,13,347,GA,SFR,Coastal Mortgage Co,Summit Loan Servicing,0.06,0.008
L100380,252144.64,235872.72,4.636,700,97.0,32.9,46,314,IL,2-4 Unit,Highline Capital,Northgate Servicing,0.1782,0.010493333333333334
L100381,383978.85,343819.94,6.313,758,77.8,28.8,29,151,IL,SFR,Apex Funding,Pier Asset Mgmt,0.09320500000000001,0.008
L100382,138580.85,136372.05,7.711,631,79.7,41.8,21,339,TX,SFR,Apex Funding,Summit Loan Servicing,0.049999999999999996,0.016256666666666666
L100383,156674.15,143269.49,5.693,687,65.7,26.6,23,157,NY,Condo,Meridian Home Loans,Pier Asset Mgmt,0.11010166666666668,0.008243333333333333
L100384,138628.47,135547.09,6.208,753,82.7,40.1,22,338,CA,SFR,Highline Capital,Summit Loan Servicing,0.08904,0.008
L100385,183882.51,182909.58,6.699,681,69.4,52.6,6,354,WA,SFR,Coastal Mortgage Co,Northgate Servicing,0.06301,0.010946666666666667
L100386,283189.85,275270.22,6.566,627,70.6,47.9,29,331,TX,SFR,Coastal Mortgage Co,Summit Loan Servicing,0.07097666666666667,0.016153333333333332
L100387,291695.5,283215.75,7.809,752,81.3,24.0,37,323,IL,SFR,Meridian Home Loans,Summit Loan Servicing,0.06,0.008
L100388,267452.15,262641.2,6.804,777,54.5,31.7,20,340,FL,Multifamily,Meridian Home Loans,Northgate Servicing,0.06653333333333332,0.008
L100389,148083.55,145669.98,7.595,713,93.2,39.4,21,339,TX,Condo,Meridian Home Loans,Northgate Servicing,0.06,0.009246666666666667
L100390,108170.48,103086.38,6.076,607,76.2,35.4,43,317,NY,Multifamily,Meridian Home Loans,Pier Asset Mgmt,0.09620000000000002,0.01788
L100391,247464.83,239424.3,5.734,754,89.4,24.8,29,331,WA,SFR,Meridian Home Loans,Summit Loan Servicing,0.12119,0.008
L100392,205844.93,202987.8,6.197,624,61.1,39.1,14,346,IL,Condo,Coastal Mortgage Co,Northgate Servicing,0.06873666666666667,0.014916666666666668
L100393,285154.1,284833.49,5.357,732,62.9,35.9,1,359,WA,SFR,Highline Capital,Summit Loan Servicing,0.06273833333333333,0.008
L100394,310420.7,298978.14,6.835,666,60.1,51.3,39,321,OH,Condo,Highline Capital,Pier Asset Mgmt,0.06825,0.011430000000000001
L100395,254838.3,246726.46,6.053,651,77.0,34.0,30,330,IL,SFR,Meridian Home Loans,Summit Loan Servicing,0.09735,0.013466666666666668
L100396,316806.54,306246.97,5.795,691,74.8,45.3,30,330,WA,SFR,Coastal Mortgage Co,Pier Asset Mgmt,0.12025,0.009999999999999998
L100397,263082.77,259854.56,6.849,705,68.4,25.9,14,346,NY,SFR,Highline Capital,Summit Loan Servicing,0.06352333333333332,0.008
L100398,292296.11,289292.75,5.371,680,61.8,27.8,9,351,GA,2-4 Unit,Apex Funding,Northgate Servicing,0.084435,0.008633333333333333
L100399,189731.34,174468.9,7.093,747,58.8,41.8,24,156,NC,2-4 Unit,Highline Capital,Summit Loan Servicing,0.06,0.008
L100400,228008.0,219030.46,5.969,690,73.4,44.7,36,324,GA,SFR,Coastal Mortgage Co,Pier Asset Mgmt,0.11154999999999998,0.009920000000000002
L100401,260113.05,257266.49,7.443,769,68.4,28.3,14,346,OH,SFR,Meridian Home Loans,Summit Loan Servicing,0.06,0.008
L100402,323574.6,315091.94,6.047,730,65.8,36.2,25,335,TX,Condo,Meridian Home Loans,Pier Asset Mgmt,0.09970833333333334,0.008
L100403,211544.49,202147.55,6.969,677,92.6,24.9,47,313,IL,SFR,Apex Funding,Pier Asset Mgmt,0.06154999999999998,0.01182
L100404,291387.29,288444.85,6.562,667,73.0,34.6,11,349,NC,SFR,Meridian Home Loans,Northgate Servicing,0.06803,0.011506666666666667
L100405,221229.61,219203.27,7.07,624,89.2,42.7,11,349,NY,2-4 Unit,Coastal Mortgage Co,Northgate Servicing,0.049999999999999996,0.01796666666666667
L100406,233015.5,230410.53,6.499,731,67.6,32.5,12,348,OH,SFR,Coastal Mortgage Co,Northgate Servicing,0.07002,0.008
L100407,324594.39,267171.36,4.903,695,76.9,34.0,43,137,NY,Condo,Highline Capital,Northgate Servicing,0.16485000000000002,0.009056666666666668
L100408,120864.92,118356.3,7.308,585,73.3,27.0,25,335,NY,Condo,Highline Capital,Northgate Servicing,0.049999999999999996,0.019229999999999997
L100409,154235.31,147108.45,6.321,686,53.6,30.8,44,316,NY,Condo,Coastal Mortgage Co,Summit Loan Servicing,0.09395,0.008
L100410,144528.95,138572.06,7.111,665,91.1,50.1,45,315,NC,SFR,Apex Funding,Summit Loan Servicing,0.06,0.01455
L100411,107283.95,105431.57,7.021,802,72.4,36.6,20,340,TX,Multifamily,Coastal Mortgage Co,Pier Asset Mgmt,0.06,0.008
L100412,191493.17,190885.25,5.704,621,83.0,28.0,3,357,TX,SFR,Highline Capital,Pier Asset Mgmt,0.056479999999999995,0.01666666666666667
L100413,315622.41,310345.48,5.577,636,65.0,33.5,15,345,AZ,2-4 Unit,Coastal Mortgage Co,Summit Loan Servicing,0.085575,0.013733333333333334
L100414,219759.84,214708.91,6.99,776,72.0,23.2,26,334,FL,2-4 Unit,Apex Funding,Pier Asset Mgmt,0.060433333333333325,0.008
L100415,260205.38,255451.89,6.127,790,63.6,27.9,18,342,TX,Condo,Highline Capital,Summit Loan Servicing,0.08619,0.008
L100416,355480.66,355202.96,7.243,674,88.8,46.9,1,359,FL,SFR,Meridian Home Loans,Northgate Servicing,0.06,0.013206666666666665
L100417,386423.87,366922.16,6.24,680,77.7,34.9,47,313,NY,SFR,Meridian Home Loans,Northgate Servicing,0.09799999999999999,0.010696666666666667
L100418,236996.75,234142.54,7.321,749,78.4,51.1,15,345,CA,SFR,Coastal Mortgage Co,Pier Asset Mgmt,0.06,0.008
L100419,389942.69,379066.45,6.781,587,90.3,35.2,30,330,OH,SFR,Highline Capital,Pier Asset Mgmt,0.06095000000000001,0.021276666666666666
L100420,250758.18,239559.06,6.659,613,87.9,35.7,45,315,TX,SFR,Apex Funding,Pier Asset Mgmt,0.06705000000000001,0.01847
L100421,181119.19,176182.77,6.063,700,83.2,41.1,26,334,IL,SFR,Meridian Home Loans,Pier Asset Mgmt,0.10060333333333335,0.00966
L100422,197197.27,190900.27,6.609,800,56.9,14.6,33,327,FL,Multifamily,Coastal Mortgage Co,Northgate Servicing,0.07955,0.008
L100423,144612.38,144395.94,7.474,691,65.7,37.6,2,358,FL,SFR,Apex Funding,Northgate Servicing,0.06,0.008576666666666666
L100424,177931.36,156584.53,6.351,721,62.0,35.6,33,147,CA,SFR,Highline Capital,Northgate Servicing,0.09245,0.008
L100425,214206.15,206146.36,6.878,777,82.7,47.9,40,320,WA,SFR,Coastal Mortgage Co,Northgate Servicing,0.06609999999999999,0.008
L100426,321661.41,307109.76,6.442,820,76.0,43.7,44,316,WA,SFR,Meridian Home Loans,Northgate Servicing,0.08789999999999999,0.008
L100427,443418.56,441805.8,6.512,683,57.3,26.9,4,356,TX,SFR,Meridian Home Loans,Summit Loan Servicing,0.06325333333333333,0.008
L100428,149677.23,148523.75,7.951,714,71.7,45.9,11,349,TX,Condo,Meridian Home Loans,Summit Loan Servicing,0.06,0.008
L100429,278588.1,277961.71,7.482,815,56.1,33.9,3,357,OH,SFR,Meridian Home Loans,Northgate Servicing,0.06,0.008
L100430,168688.59,161096.03,6.471,631,73.4,28.8,44,316,IL,SFR,Coastal Mortgage Co,Summit Loan Servicing,0.07645,0.014759999999999999
L100431,286686.33,283266.28,6.593,772,54.1,37.6,13,347,CA,SFR,Coastal Mortgage Co,Northgate Servicing,0.06881833333333333,0.008
L100432,231913.49,225519.69,5.768,659,80.3,34.4,25,335,TX,SFR,Coastal Mortgage Co,Pier Asset Mgmt,0.10133333333333334,0.013023333333333331
L100433,127922.89,124962.01,6.244,721,78.5,48.3,23,337,IL,2-4 Unit,Highline Capital,Summit Loan Servicing,0.08898,0.008
L100434,336012.6,325416.44,6.678,702,96.9,38.7,33,327,GA,SFR,Coastal Mortgage Co,Summit Loan Servicing,0.0761,0.010670000000000002
L100435,196467.0,188852.63,7.166,662,84.2,37.6,43,317,NC,SFR,Apex Funding,Summit Loan Servicing,0.06,0.013326666666666667
L100436,201417.45,198695.86,7.074,661,68.9,43.2,16,344,TX,SFR,Apex Funding,Pier Asset Mgmt,0.06,0.012270000000000001
L100437,166972.88,159276.69,5.402,730,83.8,44.7,38,322,NY,SFR,Meridian Home Loans,Pier Asset Mgmt,0.1399,0.008
L100438,193107.22,190925.64,7.279,770,57.2,42.3,14,346,FL,SFR,Highline Capital,Pier Asset Mgmt,0.06,0.008
L100439,282028.01,279324.47,6.32,708,62.5,47.4,10,350,GA,SFR,Coastal Mortgage Co,Summit Loan Servicing,0.07133333333333333,0.008
L100440,227240.56,223130.98,5.512,719,78.0,40.9,5,175,NY,Multifamily,Highline Capital,Northgate Servicing,0.0724,0.008
L100441,272401.32,268638.18,7.603,746,48.1,37.3,18,342,FL,SFR,Meridian Home Loans,Summit Loan Servicing,0.06,0.008
L100442,275590.86,269837.47,7.717,662,73.6,45.9,27,333,OH,SFR,Highline Capital,Summit Loan Servicing,0.06,0.01282
L100443,385474.98,371586.48,6.637,756,61.8,35.3,37,323,GA,Condo,Apex Funding,Pier Asset Mgmt,0.07815000000000003,0.008
L100444,215351.07,207478.57,7.038,760,75.2,36.3,40,320,IL,SFR,Meridian Home Loans,Pier Asset Mgmt,0.06,0.008
L100445,144798.7,141667.98,7.091,820,61.1,49.8,25,335,TX,SFR,Highline Capital,Pier Asset Mgmt,0.06,0.008
L100446,352754.58,347360.36,7.656,694,79.1,49.0,20,340,CA,2-4 Unit,Apex Funding,Northgate Servicing,0.06,0.010376666666666666
L100447,216204.31,214588.94,7.055,690,74.2,35.9,9,351,AZ,Condo,Highline Capital,Northgate Servicing,0.06,0.009413333333333334
L100448,358651.83,339087.68,5.205,757,90.8,32.4,43,317,WA,Multifamily,Meridian Home Loans,Pier Asset Mgmt,0.14975,0.008
L100449,277668.15,274058.54,8.209,760,74.1,47.7,19,341,GA,Condo,Highline Capital,Northgate Servicing,0.06,0.008
L100450,231909.36,224802.36,7.359,686,64.8,42.4,36,324,CA,SFR,Highline Capital,Northgate Servicing,0.06,0.009306666666666666
L100451,274325.75,265416.85,5.941,693,71.0,38.5,30,330,IL,Multifamily,Coastal Mortgage Co,Summit Loan Servicing,0.11295000000000001,0.008966666666666666
L100452,480630.66,454931.35,5.473,745,57.9,33.4,44,316,FL,SFR,Coastal Mortgage Co,Pier Asset Mgmt,0.13635000000000003,0.008
L100453,502295.16,480075.09,6.854,669,78.9,38.7,46,314,CA,SFR,Coastal Mortgage Co,Pier Asset Mgmt,0.0673,0.01217
L100454,248769.84,239857.19,6.15,692,81.1,35.8,34,326,TX,Condo,Coastal Mortgage Co,Northgate Servicing,0.10249999999999998,0.009896666666666666
L100455,256803.56,249000.14,6.697,720,97.0,30.7,32,328,IL,2-4 Unit,Highline Capital,Summit Loan Servicing,0.07515,0.008346666666666667
L100456,353869.7,351830.99,7.069,770,66.5,37.0,7,353,IL,2-4 Unit,Highline Capital,Pier Asset Mgmt,0.06,0.008
L100457,180596.16,180412.56,5.89,682,70.8,38.1,1,359,GA,SFR,Meridian Home Loans,Pier Asset Mgmt,0.061849999999999995,0.010020000000000001
L100458,272821.94,264443.27,5.396,614,67.1,33.0,26,334,NC,Condo,Meridian Home Loans,Northgate Servicing,0.11950666666666666,0.01611
L100459,240613.7,232871.18,6.747,610,76.5,43.2,34,326,FL,SFR,Meridian Home Loans,Summit Loan Servicing,0.06265000000000001,0.01813
L100460,270998.31,260235.67,5.92,646,78.6,46.3,36,324,FL,Condo,Apex Funding,Pier Asset Mgmt,0.10400000000000001,0.014946666666666667
L100461,181374.81,179359.43,6.531,643,73.4,43.8,12,348,NC,Condo,Coastal Mortgage Co,Northgate Servicing,0.059379999999999995,0.01456
L100462,139197.82,135124.51,5.191,706,87.0,33.8,24,336,TX,SFR,Highline Capital,Pier Asset Mgmt,0.13236000000000003,0.008953333333333334
L100463,117530.81,112379.29,6.173,650,66.6,42.0,41,319,CA,2-4 Unit,Highline Capital,Northgate Servicing,0.09135,0.01306
L100464,164212.33,163537.12,7.043,676,85.8,36.6,5,355,OH,SFR,Meridian Home Loans,Northgate Servicing,0.06,0.01202
L100465,206790.95,203359.97,6.945,672,80.5,26.1,19,341,FL,SFR,Apex Funding,Summit Loan Servicing,0.06174166666666665,0.01119
L100466,219121.78,207545.23,5.69,691,73.9,41.4,45,315,TX,Multifamily,Highline Capital,Northgate Servicing,0.1255,0.00965
L100467,478317.93,472822.67,5.349,788,70.2,37.2,10,350,AZ,Condo,Highline Capital,Northgate Servicing,0.08751666666666666,0.008
L100468,357574.02,352454.83,6.414,751,97.0,55.0,15,345,GA,SFR,Apex Funding,Summit Loan Servicing,0.07465000000000001,0.008
L100469,173384.7,169998.87,6.905,716,64.2,47.7,22,338,TX,SFR,Coastal Mortgage Co,Pier Asset Mgmt,0.06348333333333332,0.008
L100470,274223.28,242297.04,6.765,690,77.6,41.7,33,147,OH,SFR,Highline Capital,Northgate Servicing,0.07175000000000001,0.01014
L100471,210559.3,207944.03,5.939,691,65.0,38.0,12,348,FL,SFR,Coastal Mortgage Co,Summit Loan Servicing,0.08122,0.008533333333333334
L100472,219799.85,211688.51,6.668,733,95.4,37.3,38,322,NC,SFR,Highline Capital,Pier Asset Mgmt,0.07659999999999999,0.008
L100473,259072.7,249555.98,7.752,747,84.6,28.0,12,168,NC,SFR,Coastal Mortgage Co,Pier Asset Mgmt,0.06,0.008
L100474,301555.66,296497.32,6.585,665,65.9,22.1,18,342,OH,SFR,Highline Capital,Northgate Servicing,0.07245,0.010163333333333333
L100475,215617.12,208139.36,4.93,717,80.2,29.0,27,333,AZ,Condo,Highline Capital,Summit Loan Servicing,0.15315,0.008
L100476,352338.64,352025.22,6.583,603,77.1,35.6,1,359,AZ,SFR,Apex Funding,Summit Loan Servicing,0.050695,0.018383333333333335
L100477,162807.15,143480.79,8.24,727,67.8,19.2,37,143,CA,SFR,Meridian Home Loans,Northgate Servicing,0.06,0.008
L100478,243340.91,212769.9,5.241,757,83.1,31.6,32,148,WA,2-4 Unit,Meridian Home Loans,Northgate Servicing,0.14795000000000003,0.008
L100479,602706.61,578128.05,6.427,700,78.7,34.0,40,320,TX,SFR,Highline Capital,Northgate Servicing,0.08865000000000002,0.008736666666666667
L100480,262518.78,259143.47,6.196,815,76.6,34.3,13,347,FL,Condo,Highline Capital,Pier Asset Mgmt,0.07742,0.008
L100481,400963.26,393711.0,6.486,667,73.5,30.7,19,341,IL,SFR,Apex Funding,Northgate Servicing,0.07627666666666667,0.011296666666666667
L100482,250704.96,239908.0,6.575,727,79.2,33.3,43,317,FL,SFR,Highline Capital,Pier Asset Mgmt,0.08124999999999999,0.008
L100483,297530.49,296625.72,7.426,713,76.8,49.8,4,356,GA,Condo,Highline Capital,Northgate Servicing,0.06,0.0083
L100484,238023.78,232500.3,6.476,709,74.7,41.3,24,336,CA,SFR,Coastal Mortgage Co,Pier Asset Mgmt,0.08096,0.008
L100485,228743.68,224598.4,7.55,709,66.3,31.5,23,337,IL,SFR,Highline Capital,Pier Asset Mgmt,0.06,0.008
L100486,184828.04,170415.25,6.294,721,94.3,35.5,22,158,NY,2-4 Unit,Highline Capital,Summit Loan Servicing,0.08588666666666668,0.008296666666666666
L100487,282266.09,276156.37,6.085,762,61.4,35.8,21,339,NC,SFR,Coastal Mortgage Co,Northgate Servicing,0.092025,0.008
L100488,180225.11,172912.66,5.798,791,79.1,29.9,36,324,GA,Condo,Meridian Home Loans,Pier Asset Mgmt,0.1201,0.008
L100489,306494.42,302579.43,4.765,715,70.2,29.8,10,350,AZ,SFR,Apex Funding,Northgate Servicing,0.09725,0.008
L100490,354991.97,300558.77,6.648,760,95.1,44.1,42,138,TX,SFR,Coastal Mortgage Co,Northgate Servicing,0.07760000000000002,0.008
L100491,276035.84,237153.34,8.249,676,63.2,32.6,43,137,WA,Condo,Coastal Mortgage Co,Northgate Servicing,0.06,0.009493333333333333
L100492,219654.9,217934.7,6.812,757,65.2,27.2,9,351,NY,SFR,Apex Funding,Northgate Servicing,0.06281999999999999,0.008
L100493,284613.66,272384.32,7.018,673,62.4,35.7,46,314,NY,SFR,Highline Capital,Northgate Servicing,0.06,0.00992
L100494,217937.68,215046.17,6.028,775,77.9,36.9,13,347,GA,Multifamily,Meridian Home Loans,Pier Asset Mgmt,0.08106000000000001,0.008
L100495,336866.33,335889.41,6.18,820,57.5,20.2,3,357,TX,SFR,Highline Capital,Summit Loan Servicing,0.0641,0.008
L100496,127900.5,125911.82,7.286,708,68.3,35.7,19,341,OH,Condo,Coastal Mortgage Co,Pier Asset Mgmt,0.06,0.008
L100497,215892.83,209890.47,8.208,594,48.2,42.9,38,322,FL,SFR,Apex Funding,Summit Loan Servicing,0.049999999999999996,0.01688
L100498,120960.07,117069.84,7.739,685,76.9,39.6,40,320,WA,SFR,Highline Capital,Summit Loan Servicing,0.06,0.010430000000000002
L100499,143879.11,128645.58,7.125,783,68.0,53.8,31,149,TX,Condo,Meridian Home Loans,Northgate Servicing,0.06,0.008
L100500,391347.73,375844.16,6.432,745,56.1,46.0,39,321,OH,Condo,Meridian Home Loans,Northgate Servicing,0.08839999999999998,0.008
L100501,332140.96,328175.64,6.589,729,87.0,47.6,13,347,NY,SFR,Highline Capital,Pier Asset Mgmt,0.068905,0.008
L100502,188750.61,179562.14,5.722,770,58.3,55.0,42,318,NC,Condo,Coastal Mortgage Co,Summit Loan Servicing,0.12389999999999998,0.008
L100503,143504.8,138098.38,5.097,742,83.6,42.1,30,330,OH,SFR,Highline Capital,Summit Loan Servicing,0.15514999999999998,0.008
L100504,86026.86,85344.34,5.386,782,65.6,37.3,7,353,TX,SFR,Coastal Mortgage Co,Summit Loan Servicing,0.07883,0.008
L100505,200742.16,199437.33,6.445,766,93.2,43.8,7,353,NY,Condo,Apex Funding,Northgate Servicing,0.06647499999999999,0.008
L100506,566450.66,559086.64,6.137,799,83.0,31.5,13,347,WA,SFR,Apex Funding,Northgate Servicing,0.07869833333333334,0.008
L100507,282719.21,281371.36,5.078,735,61.9,36.9,4,356,TX,SFR,Highline Capital,Summit Loan Servicing,0.07281333333333333,0.008
L100508,199615.78,196931.56,6.366,765,63.0,30.8,14,346,TX,Condo,Apex Funding,Pier Asset Mgmt,0.07479333333333334,0.008
L100509,285723.0,270983.96,6.113,698,81.3,39.2,47,313,GA,SFR,Apex Funding,Northgate Servicing,0.10434999999999997,0.009543333333333334
L100510,140598.64,138649.79,5.344,682,70.9,30.8,12,348,CA,Multifamily,Coastal Mortgage Co,Pier Asset Mgmt,0.09312,0.009543333333333334
L100511,218805.14,211857.74,6.067,809,72.0,30.5,30,330,WA,2-4 Unit,Coastal Mortgage Co,Pier Asset Mgmt,0.10665,0.008
L100512,251404.16,238740.49,6.111,727,89.3,39.3,46,314,WA,SFR,Coastal Mortgage Co,Northgate Servicing,0.10445000000000002,0.008
L100513,235593.88,232616.06,5.845,759,65.0,34.9,12,348,TX,SFR,Coastal Mortgage Co,Pier Asset Mgmt,0.08310000000000001,0.008
L100514,320225.96,311106.4,7.234,722,75.1,20.6,33,327,TX,Multifamily,Highline Capital,Pier Asset Mgmt,0.06,0.008
L100515,273929.44,265936.47,4.687,683,85.5,24.4,22,338,AZ,2-4 Unit,Meridian Home Loans,Pier Asset Mgmt,0.14481,0.010476666666666667
L100516,306788.57,301107.16,4.613,716,83.7,26.8,14,346,GA,SFR,Apex Funding,Summit Loan Servicing,0.11569666666666666,0.008
L100517,190816.92,158672.03,6.403,794,72.1,28.9,45,135,OH,SFR,Apex Funding,Pier Asset Mgmt,0.08985000000000001,0.008
L100518,332446.89,322308.2,6.487,746,70.5,39.3,31,329,WA,SFR,Highline Capital,Summit Loan Servicing,0.08564999999999999,0.008
L100519,429393.03,421198.21,6.764,621,53.1,37.8,21,339,IL,2-4 Unit,Apex Funding,Summit Loan Servicing,0.058259999999999985,0.01433
L100520,172896.37,165394.26,5.915,703,61.3,44.5,39,321,FL,Multifamily,Coastal Mortgage Co,Northgate Servicing,0.11424999999999999,0.008
L100521,177958.65,168839.48,5.574,813,77.8,42.0,43,317,NC,2-4 Unit,Meridian Home Loans,Northgate Servicing,0.13130000000000003,0.008
L100522,387520.69,372935.17,6.393,703,72.3,44.6,37,323,NC,SFR,Coastal Mortgage Co,Northgate Servicing,0.09035000000000001,0.008503333333333333
L100523,227073.63,216820.78,6.003,616,74.9,40.9,41,319,IL,2-4 Unit,Coastal Mortgage Co,Summit Loan Servicing,0.09985000000000001,0.017216666666666665
L100524,396859.46,392196.22,7.796,819,86.5,37.7,16,344,FL,SFR,Meridian Home Loans,Summit Loan Servicing,0.06,0.008
L100525,207962.38,204370.98,6.108,753,59.8,44.8,17,343,FL,SFR,Apex Funding,Pier Asset Mgmt,0.08527333333333334,0.008
L100526,404038.7,399792.73,6.352,711,71.2,43.4,11,349,GA,SFR,Coastal Mortgage Co,Summit Loan Servicing,0.07187999999999999,0.008
L100527,254236.45,248672.04,8.628,695,76.3,39.0,33,327,IL,SFR,Highline Capital,Pier Asset Mgmt,0.06,0.00933
L100528,265768.28,228220.27,6.225,775,65.6,46.2,38,142,IL,SFR,Meridian Home Loans,Summit Loan Servicing,0.09875000000000002,0.008
L100529,419849.38,373056.52,6.901,685,91.2,17.2,32,148,CA,SFR,Highline Capital,Summit Loan Servicing,0.06495000000000001,0.010366666666666666
L100530,213924.91,208383.28,6.982,778,84.9,33.7,29,331,OH,SFR,Coastal Mortgage Co,Summit Loan Servicing,0.06086999999999999,0.008
L100531,174661.88,152072.91,7.058,745,77.5,33.6,37,143,AZ,2-4 Unit,Coastal Mortgage Co,Summit Loan Servicing,0.06,0.008
L100532,207524.05,205850.94,6.661,728,95.5,45.2,9,351,WA,SFR,Coastal Mortgage Co,Pier Asset Mgmt,0.065085,0.008363333333333334
L100533,284451.17,279669.88,6.574,723,56.0,48.6,18,342,OH,SFR,Highline Capital,Northgate Servicing,0.07278,0.008
L100534,140362.6,123138.35,6.49,705,73.9,24.4,34,146,NC,SFR,Apex Funding,Pier Asset Mgmt,0.08549999999999999,0.008
L100535,303493.3,302561.71,5.882,773,78.4,47.3,3,357,NY,SFR,Meridian Home Loans,Pier Asset Mgmt,0.06559,0.008
L100536,201074.35,192593.83,6.693,667,63.0,26.6,43,317,NC,SFR,Highline Capital,Summit Loan Servicing,0.07535000000000001,0.009973333333333334
L100537,362846.24,360695.32,8.226,626,77.6,26.9,9,351,GA,Condo,Meridian Home Loans,Summit Loan Servicing,0.049999999999999996,0.015553333333333332
L100538,105030.8,101791.31,7.49,749,60.7,34.1,37,323,WA,SFR,Coastal Mortgage Co,Pier Asset Mgmt,0.06,0.008
L100539,184370.39,179315.3,6.674,750,82.3,33.5,29,331,FL,SFR,Apex Funding,Northgate Servicing,0.07575666666666664,0.008
L100540,134556.05,129753.35,7.17,741,86.7,23.5,40,320,CA,2-4 Unit,Apex Funding,Northgate Servicing,0.06,0.008
L100541,181828.59,155804.26,5.618,737,77.3,41.2,37,143,TX,SFR,Coastal Mortgage Co,Northgate Servicing,0.1291,0.008
L100542,264787.54,240905.75,6.166,697,51.8,41.4,25,155,TX,Condo,Highline Capital,Pier Asset Mgmt,0.09474999999999999,0.008
L100543,228038.71,220912.66,7.253,758,62.4,44.4,36,324,NC,SFR,Highline Capital,Northgate Servicing,0.06,0.008
L100544,222196.6,219381.72,7.738,712,80.8,32.5,17,343,TX,2-4 Unit,Highline Capital,Summit Loan Servicing,0.06,0.008
L100545,229643.94,222421.35,5.706,688,74.3,35.7,28,332,TX,SFR,Coastal Mortgage Co,Northgate Servicing,0.12038666666666664,0.00961
L100546,260715.72,216614.3,5.965,698,41.7,35.8,44,136,NY,SFR,Highline Capital,Summit Loan Servicing,0.11175000000000002,0.008
L100547,170588.99,170159.36,8.363,820,88.9,49.5,4,356,AZ,SFR,Meridian Home Loans,Summit Loan Servicing,0.06,0.008
L100548,310953.1,305949.32,6.487,620,75.6,13.3,17,343,IL,SFR,Highline Capital,Summit Loan Servicing,0.064535,0.015046666666666667
L100549,306181.42,305977.69,8.041,742,64.2,28.3,1,359,FL,2-4 Unit,Apex Funding,Pier Asset Mgmt,0.06,0.008
L100550,277829.61,270947.24,6.586,623,85.9,36.0,26,334,FL,SFR,Apex Funding,Pier Asset Mgmt,0.06793999999999999,0.01729
L100551,295016.54,255658.99,6.622,709,65.9,27.3,37,143,OH,SFR,Meridian Home Loans,Summit Loan Servicing,0.0789,0.008
L100552,269344.44,268819.54,6.125,691,65.7,33.9,2,358,IL,2-4 Unit,Highline Capital,Pier Asset Mgmt,0.06291666666666666,0.00833
L100553,494981.49,484141.81,7.248,600,78.3,35.0,26,334,NY,2-4 Unit,Coastal Mortgage Co,Pier Asset Mgmt,0.049999999999999996,0.018763333333333333
L100554,235511.97,231886.89,7.622,736,95.4,30.7,20,340,AZ,SFR,Apex Funding,Northgate Servicing,0.06,0.008
L100555,218058.98,208405.62,5.468,694,93.5,36.5,37,323,NY,SFR,Meridian Home Loans,Summit Loan Servicing,0.1366,0.010983333333333335
L100556,186514.7,184452.74,6.083,600,78.3,41.0,11,349,NY,Condo,Highline Capital,Northgate Servicing,0.06681166666666667,0.019163333333333334
L100557,169178.23,168094.33,7.224,761,79.5,34.1,8,352,AZ,Condo,Coastal Mortgage Co,Northgate Servicing,0.06,0.008
L100558,157068.12,156319.89,6.283,794,83.5,32.4,5,355,NY,2-4 Unit,Highline Capital,Northgate Servicing,0.06597499999999999,0.008
L100559,177890.05,174144.79,5.956,797,58.9,34.7,20,340,GA,2-4 Unit,Highline Capital,Northgate Servicing,0.09479999999999998,0.008
L100560,236868.84,232374.69,7.309,735,81.7,35.9,23,337,NC,SFR,Apex Funding,Summit Loan Servicing,0.06,0.008
L100561,272938.92,262516.57,7.393,718,65.2,22.1,44,316,FL,SFR,Meridian Home Loans,Northgate Servicing,0.06,0.008
L100562,247186.83,241474.03,5.995,788,77.8,39.7,22,338,TX,SFR,Coastal Mortgage Co,Pier Asset Mgmt,0.09684999999999999,0.008
L100563,185732.48,184214.83,6.591,808,71.3,32.4,9,351,OH,SFR,Apex Funding,Summit Loan Servicing,0.066135,0.008
L100564,332722.67,319349.89,5.312,777,80.0,46.1,33,327,FL,2-4 Unit,Apex Funding,Northgate Servicing,0.14439999999999997,0.008
L100565,314517.32,313497.95,5.594,663,75.4,40.7,3,357,NY,SFR,Apex Funding,Northgate Servicing,0.06702999999999999,0.012553333333333333
L100566,229606.69,225929.2,6.512,726,37.1,45.4,17,343,GA,SFR,Meridian Home Loans,Northgate Servicing,0.07382666666666668,0.008
L100567,193199.64,187244.24,6.428,739,76.1,27.9,31,329,TX,Condo,Apex Funding,Summit Loan Servicing,0.0886,0.008
L100568,294180.78,290239.68,5.53,615,81.7,33.0,12,348,CA,SFR,Meridian Home Loans,Summit Loan Servicing,0.0794,0.01747
L100569,259312.91,251229.51,5.756,741,79.4,26.1,28,332,IL,SFR,Coastal Mortgage Co,Northgate Servicing,0.11805333333333332,0.008
L100570,146262.09,142526.01,5.441,820,72.8,30.4,22,338,WA,SFR,Meridian Home Loans,Pier Asset Mgmt,0.11716333333333334,0.008
L100571,237092.8,226782.83,6.81,750,93.7,46.0,45,315,GA,Condo,Apex Funding,Pier Asset Mgmt,0.06950000000000002,0.008
L100572,266122.64,261208.25,4.629,796,77.7,47.9,14,346,GA,SFR,Apex Funding,Pier Asset Mgmt,0.11532333333333335,0.008
L100573,177212.85,168001.04,5.49,725,79.3,26.8,43,317,NC,SFR,Highline Capital,Northgate Servicing,0.1355,0.008
L100574,259482.67,249057.24,4.723,711,86.5,32.3,30,330,OH,SFR,Coastal Mortgage Co,Summit Loan Servicing,0.17385,0.008303333333333333
L100575,145919.76,140946.32,6.777,736,78.4,35.4,36,324,OH,SFR,Meridian Home Loans,Northgate Servicing,0.07114999999999999,0.008
L100576,387575.19,383639.65,4.778,670,63.2,40.7,8,352,CA,Multifamily,Meridian Home Loans,Pier Asset Mgmt,0.08962666666666667,0.010633333333333335
L100577,375788.77,375444.34,6.429,662,44.7,21.9,1,359,GA,SFR,Highline Capital,Northgate Servicing,0.06095166666666666,0.00833
L100578,222263.51,216268.28,7.876,785,68.3,23.2,35,325,GA,2-4 Unit,Highline Capital,Northgate Servicing,0.06,0.008
L100579,275738.72,271072.19,7.906,790,83.1,39.9,23,337,FL,SFR,Meridian Home Loans,Northgate Servicing,0.06,0.008
L100580,104456.64,102438.72,4.775,660,69.8,20.4,15,345,WA,SFR,Apex Funding,Pier Asset Mgmt,0.11562499999999999,0.01094
L100581,161988.13,155126.97,6.669,768,83.6,32.4,43,317,FL,SFR,Coastal Mortgage Co,Pier Asset Mgmt,0.07655000000000002,0.008
L100582,219076.74,215112.54,5.51,710,75.8,37.3,16,344,OH,Condo,Coastal Mortgage Co,Pier Asset Mgmt,0.09973333333333334,0.008
L100583,166833.81,162690.9,5.326,734,89.5,39.3,21,339,TX,Multifamily,Apex Funding,Northgate Servicing,0.11859,0.008
L100584,311775.54,271737.01,6.298,740,70.5,34.9,35,145,NC,SFR,Highline Capital,Pier Asset Mgmt,0.09509999999999999,0.008
L100585,488479.99,469246.04,7.505,770,79.6,33.1,46,314,AZ,SFR,Meridian Home Loans,Pier Asset Mgmt,0.06,0.008
L100586,160843.13,154351.37,6.94,720,80.1,42.8,43,317,GA,SFR,Highline Capital,Pier Asset Mgmt,0.06299999999999997,0.008
L100587,181115.06,174818.28,5.756,793,92.0,38.3,31,329,TX,SFR,Meridian Home Loans,Pier Asset Mgmt,0.12219999999999999,0.008
L100588,263657.69,262350.89,7.035,732,53.5,30.8,6,354,TX,SFR,Apex Funding,Summit Loan Servicing,0.06,0.008
L100589,426723.12,423246.44,4.381,749,68.5,36.3,6,354,NC,2-4 Unit,Meridian Home Loans,Northgate Servicing,0.08618999999999999,0.008
L100590,158287.61,152365.27,5.722,669,84.2,39.1,33,327,OH,SFR,Meridian Home Loans,Summit Loan Servicing,0.12389999999999998,0.012726666666666667
L100591,264914.56,257780.53,5.658,820,92.6,49.7,24,336,GA,Condo,Meridian Home Loans,Northgate Servicing,0.11367999999999998,0.008
L100592,459298.04,456326.86,6.47,741,76.9,42.3,7,353,TX,2-4 Unit,Highline Capital,Pier Asset Mgmt,0.06618333333333333,0.008
L100593,136200.63,131533.17,6.217,754,70.5,45.7,33,327,AZ,SFR,Apex Funding,Pier Asset Mgmt,0.09915000000000002,0.008
L100594,155069.05,147659.11,6.273,627,83.1,31.1,45,315,IL,SFR,Apex Funding,Summit Loan Servicing,0.08635000000000002,0.016283333333333334
L100595,209344.75,206502.44,6.243,670,84.4,31.8,4,176,CA,2-4 Unit,Meridian Home Loans,Pier Asset Mgmt,0.06504666666666667,0.01216
L100596,202358.07,173333.75,6.42,783,69.7,34.1,39,141,NY,SFR,Highline Capital,Summit Loan Servicing,0.089,0.008
L100597,322678.08,317862.24,6.886,731,78.0,34.9,17,343,FL,SFR,Highline Capital,Summit Loan Servicing,0.06323,0.008
L100598,264231.5,259494.99,6.534,610,88.2,27.9,19,341,WA,2-4 Unit,Coastal Mortgage Co,Northgate Servicing,0.06475666666666667,0.01828
L100599,130452.35,125773.65,6.144,772,96.7,46.1,34,326,WA,SFR,Highline Capital,Summit Loan Servicing,0.1028,0.008
L100600,290800.76,287708.66,6.762,685,82.9,43.1,12,348,TX,2-4 Unit,Meridian Home Loans,Pier Asset Mgmt,0.06476000000000001,0.011263333333333334
L100601,198364.47,197073.55,7.144,793,74.5,33.6,8,352,GA,SFR,Coastal Mortgage Co,Summit Loan Servicing,0.06,0.008
L100602,379290.06,359478.78,5.9,710,73.4,41.1,46,314,CA,SFR,Meridian Home Loans,Summit Loan Servicing,0.11499999999999999,0.008
L100603,194919.97,191700.12,6.347,726,80.7,37.8,17,343,IL,SFR,Meridian Home Loans,Pier Asset Mgmt,0.07850166666666665,0.008
L100604,194305.05,193113.26,7.446,780,72.6,41.8,8,352,TX,SFR,Highline Capital,Summit Loan Servicing,0.06,0.008
L100605,293430.49,255775.52,5.408,666,76.3,25.2,33,147,AZ,SFR,Coastal Mortgage Co,Pier Asset Mgmt,0.1396,0.01131
L100606,317116.43,314707.79,8.024,660,61.3,34.8,11,349,CA,SFR,Apex Funding,Pier Asset Mgmt,0.06,0.01105
L100607,284029.9,270852.62,5.195,704,89.6,35.5,37,323,WA,SFR,Highline Capital,Summit Loan Servicing,0.15025,0.009526666666666666
L100608,134597.07,134066.14,6.089,760,60.3,41.0,4,356,FL,SFR,Highline Capital,Northgate Servicing,0.06607333333333333,0.008
L100609,293112.58,284702.52,5.545,642,68.8,31.0,25,335,FL,SFR,Coastal Mortgage Co,Northgate Servicing,0.11062500000000001,0.013346666666666666
L100610,169057.16,166927.65,8.369,623,75.2,16.0,19,341,OH,SFR,Coastal Mortgage Co,Summit Loan Servicing,0.049999999999999996,0.014886666666666668
L100611,263641.8,250312.8,5.947,760,97.0,27.3,45,315,WA,SFR,Meridian Home Loans,Pier Asset Mgmt,0.11265,0.008
L100612,147516.15,143579.7,5.949,682,68.9,35.5,25,335,CA,SFR,Highline Capital,Pier Asset Mgmt,0.10379166666666667,0.009656666666666668
L100613,283853.28,270142.16,6.066,693,66.0,36.5,44,316,TX,SFR,Highline Capital,Pier Asset Mgmt,0.10670000000000002,0.008333333333333333
L100614,183082.18,181030.38,6.486,613,67.4,49.5,12,348,OH,SFR,Apex Funding,Summit Loan Servicing,0.06028000000000001,0.01734
L100615,154984.11,142130.54,6.104,678,93.9,40.7,23,157,WA,SFR,Coastal Mortgage Co,Summit Loan Servicing,0.09434666666666666,0.012903333333333334
L100616,311712.65,266566.25,6.28,715,40.3,36.7,39,141,IL,SFR,Highline Capital,Pier Asset Mgmt,0.09599999999999999,0.008
L100617,264230.1,260869.22,3.5,766,62.0,35.7,8,352,TX,Condo,Coastal Mortgage Co,Summit Loan Servicing,0.1,0.008
L100618,195850.74,187004.62,6.451,673,97.0,44.8,44,316,TX,Condo,Coastal Mortgage Co,Northgate Servicing,0.08745000000000001,0.013986666666666668
L100619,403492.27,388367.77,6.416,806,81.1,31.3,37,323,FL,SFR,Highline Capital,Northgate Servicing,0.08919999999999997,0.008
L100620,208099.51,202476.99,7.335,677,60.7,34.9,32,328,NC,2-4 Unit,Coastal Mortgage Co,Summit Loan Servicing,0.06,0.009296666666666667
L100621,245545.53,243316.32,7.578,677,73.5,27.3,12,348,CA,SFR,Highline Capital,Northgate Servicing,0.06,0.01007
L100622,266764.01,255813.16,6.231,800,74.8,47.4,39,321,NC,SFR,Meridian Home Loans,Summit Loan Servicing,0.09845000000000001,0.008
L100623,195461.15,188440.13,7.135,727,84.2,39.1,40,320,OH,SFR,Coastal Mortgage Co,Summit Loan Servicing,0.06,0.008
L100624,286329.26,281732.81,5.409,685,96.1,30.3,14,346,TX,SFR,Coastal Mortgage Co,Northgate Servicing,0.09712333333333334,0.011729999999999999
L100625,201449.03,196526.37,7.091,706,78.7,35.1,28,332,WA,SFR,Coastal Mortgage Co,Summit Loan Servicing,0.06,0.00821
L100626,210223.51,209578.59,5.885,789,67.5,40.1,3,357,WA,SFR,Highline Capital,Summit Loan Servicing,0.065575,0.008
L100627,391180.72,382443.81,5.334,796,83.4,34.0,19,341,FL,Condo,Coastal Mortgage Co,Pier Asset Mgmt,0.11275666666666667,0.008
L100628,168686.1,167377.85,6.233,670,65.6,31.7,8,352,TX,SFR,Highline Capital,Northgate Servicing,0.07022666666666667,0.010273333333333332
L100629,104352.19,102149.93,7.66,713,61.6,30.8,27,333,NY,SFR,Meridian Home Loans,Northgate Servicing,0.06,0.008
L100630,426696.36,416081.42,6.563,720,52.9,38.7,26,334,FL,SFR,Coastal Mortgage Co,Summit Loan Servicing,0.07893666666666668,0.008
L100631,592594.0,580787.86,7.747,661,55.2,33.1,26,334,FL,SFR,Coastal Mortgage Co,Summit Loan Servicing,0.06,0.010226666666666669
L100632,210692.66,203072.46,5.726,712,63.2,32.4,32,328,WA,SFR,Apex Funding,Northgate Servicing,0.1237,0.008
L100633,123266.84,118517.06,7.343,715,59.9,25.3,44,316,TX,SFR,Meridian Home Loans,Northgate Servicing,0.06,0.008
L100634,217799.59,215503.05,5.813,778,77.8,36.6,10,350,NY,SFR,Coastal Mortgage Co,Northgate Servicing,0.07978333333333333,0.008
L100635,219656.88,217456.05,6.603,781,59.6,34.6,11,349,AZ,SFR,Apex Funding,Summit Loan Servicing,0.06727833333333333,0.008
L100636,227186.53,218792.62,6.595,697,36.3,33.4,11,169,CA,SFR,Coastal Mortgage Co,Pier Asset Mgmt,0.067425,0.008
L100637,164442.16,157696.91,6.995,703,61.5,37.6,44,316,CA,Multifamily,Highline Capital,Northgate Servicing,0.06024999999999999,0.008
L100638,297403.89,296077.62,6.626,752,68.3,42.0,5,355,NY,2-4 Unit,Coastal Mortgage Co,Pier Asset Mgmt,0.06311666666666667,0.008
L100639,291728.13,289671.27,5.735,683,66.7,41.6,2,178,WA,SFR,Highline Capital,Northgate Servicing,0.06421666666666666,0.009743333333333335
L100640,143912.11,142984.29,7.192,747,92.2,40.4,8,352,OH,SFR,Meridian Home Loans,Northgate Servicing,0.06,0.008
L100641,310121.32,301353.44,7.958,710,66.6,34.1,37,323,WA,Condo,Highline Capital,Summit Loan Servicing,0.06,0.008
L100642,498042.03,482843.48,5.875,662,84.6,31.5,28,332,OH,Multifamily,Coastal Mortgage Co,Pier Asset Mgmt,0.1125,0.01296
L100643,257863.62,210614.43,4.748,662,73.8,27.6,44,136,TX,SFR,Meridian Home Loans,Summit Loan Servicing,0.17259999999999998,0.01162
L100644,215763.07,208686.18,6.849,795,73.5,31.3,10,170,IL,SFR,Apex Funding,Pier Asset Mgmt,0.06251666666666666,0.008
L100645,231029.08,226541.94,6.102,706,64.0,36.2,19,341,GA,Condo,Meridian Home Loans,Pier Asset Mgmt,0.08843666666666666,0.008
L100646,301142.81,292930.11,6.282,805,73.3,29.7,27,333,TX,SFR,Meridian Home Loans,Northgate Servicing,0.09231,0.008
L100647,132490.33,132043.53,6.901,687,64.8,36.8,4,356,WA,Condo,Apex Funding,Pier Asset Mgmt,0.06066,0.008833333333333334
L100648,257181.35,244592.04,5.989,731,76.0,28.3,44,316,NC,SFR,Highline Capital,Pier Asset Mgmt,0.11055000000000001,0.008
L100649,211787.27,203229.18,6.158,820,71.2,22.7,38,322,OH,SFR,Coastal Mortgage Co,Summit Loan Servicing,0.10209999999999998,0.008
L100650,463582.09,460490.05,6.31,657,62.7,42.6,7,353,FL,Condo,Apex Funding,Summit Loan Servicing,0.05805,0.01201
L100651,228442.44,221073.69,7.723,611,85.9,32.2,40,320,AZ,Condo,Meridian Home Loans,Northgate Servicing,0.049999999999999996,0.018236666666666672
L100652,435286.91,425994.37,6.427,786,79.1,29.3,22,338,TX,SFR,Meridian Home Loans,Pier Asset Mgmt,0.08101000000000001,0.008
L100653,164998.35,155031.59,5.288,670,68.6,27.2,16,164,CA,2-4 Unit,Highline Capital,Summit Loan Servicing,0.10565333333333332,0.010273333333333332
L100654,298206.27,281444.56,5.324,714,75.7,39.4,45,315,NC,2-4 Unit,Meridian Home Loans,Pier Asset Mgmt,0.1438,0.008
L100655,271519.73,247686.84,6.525,683,73.0,47.0,25,155,CA,SFR,Coastal Mortgage Co,Pier Asset Mgmt,0.07979166666666665,0.010733333333333334
L100656,179123.98,176869.7,5.384,730,63.6,32.8,11,349,FL,Multifamily,Apex Funding,Summit Loan Servicing,0.08962666666666666,0.008
L100657,258354.68,245225.19,4.994,663,74.8,34.3,39,321,AZ,SFR,Meridian Home Loans,Pier Asset Mgmt,0.1603,0.012066666666666667
L100658,371157.43,359694.38,6.972,705,66.5,44.6,34,326,IL,SFR,Highline Capital,Northgate Servicing,0.061399999999999975,0.008
L100659,216787.5,214968.78,7.016,740,62.7,21.5,10,350,NY,2-4 Unit,Apex Funding,Northgate Servicing,0.06,0.008
L100660,134297.54,118394.87,6.069,660,54.5,51.7,32,148,FL,SFR,Coastal Mortgage Co,Summit Loan Servicing,0.10655,0.011496666666666667
L100661,241313.7,234437.09,6.664,676,69.7,55.0,30,330,NC,2-4 Unit,Highline Capital,Northgate Servicing,0.07680000000000001,0.011636666666666667
L100662,177043.71,174922.0,6.569,696,80.8,14.3,13,347,WA,SFR,Apex Funding,Northgate Servicing,0.06933833333333334,0.008033333333333333
L100663,215384.63,211409.36,6.942,636,65.7,35.2,21,339,AZ,SFR,Apex Funding,Northgate Servicing,0.05202999999999999,0.013916666666666667
L100664,235966.3,227192.6,6.944,692,97.0,30.2,40,320,NY,SFR,Meridian Home Loans,Pier Asset Mgmt,0.0628,0.011113333333333333
L100665,133655.61,131916.0,4.055,722,84.6,33.9,9,351,IL,SFR,Meridian Home Loans,Summit Loan Servicing,0.104175,0.008
L100666,137932.48,120630.93,6.184,693,89.7,32.7,34,146,TX,2-4 Unit,Meridian Home Loans,Summit Loan Servicing,0.1008,0.010450000000000001
L100667,287426.77,276588.59,6.866,700,83.5,42.5,40,320,TX,SFR,Apex Funding,Northgate Servicing,0.06670000000000001,0.009783333333333333
L100668,202207.25,192131.08,6.031,714,96.2,35.1,45,315,FL,SFR,Highline Capital,Pier Asset Mgmt,0.10845000000000002,0.00916
L100669,98946.98,97437.28,6.433,679,64.6,28.7,16,344,NY,SFR,Highline Capital,Summit Loan Servicing,0.07512,0.009073333333333333
L100670,319558.43,316082.67,7.076,753,43.3,34.6,13,347,WA,SFR,Apex Funding,Pier Asset Mgmt,0.06,0.008
L100671,267086.92,255069.73,6.473,794,68.6,40.1,44,316,OH,SFR,Meridian Home Loans,Pier Asset Mgmt,0.08635000000000001,0.008
L100672,189121.29,185980.99,7.757,689,80.7,26.5,22,338,TX,Condo,Apex Funding,Pier Asset Mgmt,0.06,0.009536666666666667
L100673,153140.25,149754.27,7.414,742,75.8,22.8,27,333,NY,SFR,Apex Funding,Northgate Servicing,0.06,0.008
L100674,325309.65,317155.21,6.293,702,77.3,51.9,25,335,CA,SFR,Apex Funding,Summit Loan Servicing,0.08945833333333333,0.00959
L100675,274380.94,267413.33,6.222,735,89.9,30.9,25,335,CA,SFR,Apex Funding,Summit Loan Servicing,0.09241666666666665,0.008
L100676,559003.38,532933.65,3.835,801,78.6,34.9,30,330,NY,SFR,Apex Funding,Northgate Servicing,0.21000000000000002,0.008
L100677,281268.78,275507.74,6.106,743,83.6,32.8,20,340,WA,SFR,Apex Funding,Northgate Servicing,0.0898,0.008
L100678,278088.89,271706.55,5.182,617,62.7,40.4,19,341,TX,SFR,Coastal Mortgage Co,Pier Asset Mgmt,0.10756999999999999,0.015863333333333333
L100679,229022.43,224966.69,6.599,740,60.9,50.2,19,341,NC,SFR,Meridian Home Loans,Pier Asset Mgmt,0.07269833333333332,0.008
L100680,323149.89,313385.6,6.538,783,93.4,40.6,31,329,NY,SFR,Meridian Home Loans,Pier Asset Mgmt,0.08309999999999998,0.008
L100681,302180.51,291419.28,7.026,703,75.2,23.9,39,321,GA,SFR,Highline Capital,Northgate Servicing,0.06,0.008
L100682,376285.62,368339.91,7.657,770,66.5,24.9,27,333,OH,Condo,Coastal Mortgage Co,Summit Loan Servicing,0.06,0.008
L100683,202306.06,195790.21,6.376,677,66.5,32.8,32,328,OH,SFR,Coastal Mortgage Co,Northgate Servicing,0.09119999999999998,0.009736666666666668
L100684,208481.87,205752.72,8.452,633,66.2,33.9,20,340,OH,2-4 Unit,Coastal Mortgage Co,Pier Asset Mgmt,0.049999999999999996,0.014180000000000002
L100685,205317.72,197882.9,6.609,723,65.5,22.2,37,323,IL,SFR,Meridian Home Loans,Pier Asset Mgmt,0.07955,0.008
L100686,320225.46,312927.08,5.221,618,58.6,42.6,19,341,CA,SFR,Highline Capital,Pier Asset Mgmt,0.106335,0.0155
L100687,410212.69,401477.72,5.894,702,56.0,27.3,20,340,WA,Condo,Meridian Home Loans,Summit Loan Servicing,0.09686666666666666,0.008
L100688,206778.99,206165.99,6.065,786,71.7,47.9,3,357,WA,SFR,Meridian Home Loans,Northgate Servicing,0.064675,0.008
L100689,209259.25,206919.73,6.933,610,66.9,50.6,13,347,OH,SFR,Coastal Mortgage Co,Northgate Servicing,0.051451666666666666,0.017663333333333336
L100690,271014.34,259872.02,5.547,645,87.3,34.0,35,325,IL,SFR,Coastal Mortgage Co,Summit Loan Servicing,0.12265000000000002,0.015096666666666668
L100691,222789.68,221697.34,6.132,658,77.5,39.5,5,355,FL,Condo,Meridian Home Loans,Northgate Servicing,0.05723333333333334,0.013183333333333333
L100692,338818.14,335191.69,6.255,712,77.2,26.1,11,349,TX,SFR,Coastal Mortgage Co,Summit Loan Servicing,0.07365833333333333,0.008
L100693,110401.38,105944.27,5.997,695,65.1,41.0,37,323,NY,2-4 Unit,Highline Capital,Summit Loan Servicing,0.11015,0.008343333333333333
L100694,181798.32,174892.91,7.13,792,72.5,32.0,42,318,NY,SFR,Coastal Mortgage Co,Summit Loan Servicing,0.06,0.008
L100695,184638.34,181423.69,6.977,767,78.3,27.3,20,340,FL,SFR,Highline Capital,Pier Asset Mgmt,0.060766666666666656,0.008
L100696,107783.02,106068.17,7.45,742,82.6,33.7,20,340,WA,SFR,Coastal Mortgage Co,Pier Asset Mgmt,0.06,0.008
L100697,173290.83,168984.14,6.102,723,72.9,32.3,24,336,NC,SFR,Meridian Home Loans,Northgate Servicing,0.09591999999999999,0.008
L100698,176256.46,154145.73,7.482,737,86.9,33.4,37,143,FL,2-4 Unit,Meridian Home Loans,Summit Loan Servicing,0.06,0.008
L100699,226299.22,219945.6,5.172,668,74.1,43.6,23,337,NC,SFR,Highline Capital,Northgate Servicing,0.13007333333333337,0.012116666666666666
L100700,358447.71,354612.41,5.15,762,83.5,29.7,9,351,AZ,2-4 Unit,Coastal Mortgage Co,Northgate Servicing,0.08775,0.008
L100701,222844.34,217292.74,5.308,654,68.1,49.9,21,339,GA,SFR,Highline Capital,Summit Loan Servicing,0.10922,0.013336666666666667
L100702,169264.05,167338.88,6.408,761,52.2,25.4,12,348,WA,SFR,Highline Capital,Northgate Servicing,0.07183999999999999,0.008
L100703,238009.51,231536.4,7.482,780,77.2,48.9,33,327,WA,SFR,Meridian Home Loans,Pier Asset Mgmt,0.06,0.008
L100704,350533.22,347986.36,5.858,727,82.7,27.9,7,353,IL,Condo,Coastal Mortgage Co,Pier Asset Mgmt,0.07332333333333334,0.008
L100705,172545.18,167171.09,5.971,705,80.9,36.0,29,331,IL,SFR,Apex Funding,Pier Asset Mgmt,0.109735,0.00859
L100706,176539.3,175338.26,6.206,737,79.1,32.1,7,353,FL,SFR,Meridian Home Loans,Pier Asset Mgmt,0.06926333333333333,0.008
L100707,295224.73,282307.51,6.916,580,69.8,33.3,46,314,AZ,2-4 Unit,Highline Capital,Summit Loan Servicing,0.05419999999999998,0.019799999999999998
L100708,224686.72,217166.51,5.97,732,64.3,42.4,31,329,WA,SFR,Meridian Home Loans,Northgate Servicing,0.11150000000000002,0.008
L100709,304558.86,302371.69,5.92,709,80.6,48.0,7,353,NC,SFR,Highline Capital,Northgate Servicing,0.0726,0.00896
L100710,241644.67,227410.76,5.189,712,79.1,45.5,46,314,FL,Condo,Highline Capital,Summit Loan Servicing,0.15055000000000002,0.008343333333333333
L100711,310389.2,301294.58,5.885,754,67.3,32.8,27,333,GA,SFR,Apex Funding,Summit Loan Servicing,0.11017500000000001,0.008
L100712,169011.6,152788.72,7.46,711,87.3,37.5,29,151,AZ,SFR,Highline Capital,Northgate Servicing,0.06,0.00873
L100713,241776.83,241115.26,6.482,652,63.4,29.7,3,357,CA,SFR,Highline Capital,Pier Asset Mgmt,0.05258999999999999,0.011720000000000001
L100714,225541.28,223374.44,5.734,707,67.0,28.1,9,351,GA,2-4 Unit,Apex Funding,Summit Loan Servicing,0.07899,0.008
L100715,158647.2,153626.83,7.513,719,93.6,26.8,38,322,NC,SFR,Apex Funding,Northgate Servicing,0.06,0.008
L100716,140474.71,137155.27,5.873,721,84.4,32.5,22,338,GA,Condo,Coastal Mortgage Co,Summit Loan Servicing,0.10132333333333332,0.008
L100717,308665.1,301646.42,7.678,724,69.7,38.0,29,331,NC,Condo,Coastal Mortgage Co,Summit Loan Servicing,0.06,0.008
L100718,214736.43,179821.82,7.663,772,77.4,20.7,47,133,OH,SFR,Highline Capital,Northgate Servicing,0.06,0.008
L100719,169770.35,166334.91,6.45,655,75.9,35.6,21,339,TX,SFR,Meridian Home Loans,Northgate Servicing,0.06924999999999999,0.013063333333333335
L100720,234764.31,229550.5,5.051,725,41.1,48.1,18,342,GA,Condo,Coastal Mortgage Co,Pier Asset Mgmt,0.11846999999999999,0.008
L100721,360341.19,350790.17,8.461,786,63.1,45.0,38,322,AZ,SFR,Apex Funding,Pier Asset Mgmt,0.06,0.008
L100722,109287.99,108908.35,6.749,620,73.4,31.3,4,356,OH,SFR,Coastal Mortgage Co,Summit Loan Servicing,0.05167333333333333,0.016026666666666668
L100723,143799.67,132426.01,6.109,725,69.7,24.8,22,158,IL,SFR,Coastal Mortgage Co,Northgate Servicing,0.09267,0.008
L100724,175780.22,169434.86,7.261,683,77.0,39.7,41,319,WA,2-4 Unit,Apex Funding,Pier Asset Mgmt,0.06,0.010646666666666667
L100725,404906.96,401170.88,7.032,695,87.6,17.5,11,349,NY,SFR,Coastal Mortgage Co,Summit Loan Servicing,0.06,0.009026666666666665
L100726,268043.74,264973.83,7.58,665,70.1,44.9,15,345,IL,SFR,Highline Capital,Pier Asset Mgmt,0.06,0.012103333333333332
L100727,317604.14,309639.61,5.804,706,61.3,34.3,23,337,OH,SFR,Meridian Home Loans,Pier Asset Mgmt,0.10584666666666666,0.008
L100728,162908.45,162335.68,6.687,816,77.9,50.7,4,356,IL,SFR,Coastal Mortgage Co,Summit Loan Servicing,0.062086666666666665,0.008
L100729,164088.7,163342.47,5.333,645,70.1,22.2,4,356,NY,Multifamily,Highline Capital,Summit Loan Servicing,0.06111333333333333,0.01259
L100730,284001.5,281116.59,7.0,651,72.1,43.3,12,348,GA,SFR,Coastal Mortgage Co,Pier Asset Mgmt,0.049999999999999996,0.013596666666666667
L100731,247804.65,208070.31,6.379,643,70.5,35.2,43,137,NC,Condo,Apex Funding,Northgate Servicing,0.08105000000000002,0.013696666666666666
L100732,294212.8,291292.97,6.653,810,97.0,33.4,11,349,WA,Condo,Apex Funding,Pier Asset Mgmt,0.06636166666666667,0.008
L100733,227365.73,219133.03,6.268,690,47.1,25.0,35,325,NC,SFR,Coastal Mortgage Co,Northgate Servicing,0.09660000000000002,0.008
L100734,267627.22,261928.26,6.174,714,69.3,40.8,21,339,TX,Condo,Apex Funding,Northgate Servicing,0.08890999999999999,0.008
L100735,256617.44,245875.05,5.619,693,74.0,41.4,36,324,CA,Multifamily,Meridian Home Loans,Summit Loan Servicing,0.12905,0.00946
L100736,318767.92,314491.07,7.111,663,64.6,50.3,16,344,WA,Condo,Apex Funding,Summit Loan Servicing,0.06,0.012113333333333334
L100737,322047.04,311102.5,7.741,702,84.8,44.1,42,318,IL,Condo,Meridian Home Loans,Summit Loan Servicing,0.06,0.00982
L100738,137729.21,135105.23,5.899,820,83.8,31.2,18,342,FL,SFR,Apex Funding,Summit Loan Servicing,0.09303,0.008
L100739,110575.74,106660.75,6.898,792,73.4,28.0,38,322,FL,2-4 Unit,Meridian Home Loans,Summit Loan Servicing,0.06510000000000002,0.008
L100740,344762.44,295192.39,6.789,668,70.8,25.1,40,140,TX,SFR,Highline Capital,Pier Asset Mgmt,0.07055000000000002,0.010553333333333333
L100741,367950.53,360445.14,6.407,751,72.7,47.8,21,339,TX,Condo,Apex Funding,Summit Loan Servicing,0.080755,0.008
L100742,169868.85,148201.89,5.026,669,72.7,29.8,32,148,AZ,SFR,Meridian Home Loans,Northgate Servicing,0.1587,0.010956666666666667
L100743,126634.16,125749.63,5.229,617,73.1,47.8,6,354,NC,SFR,Meridian Home Loans,Northgate Servicing,0.06771,0.017396666666666664
L100744,251365.21,244643.29,5.697,771,71.7,40.2,24,336,GA,2-4 Unit,Meridian Home Loans,Summit Loan Servicing,0.11212,0.008
L100745,336311.6,328044.67,4.475,779,77.0,38.6,18,342,CA,SFR,Highline Capital,Pier Asset Mgmt,0.13575,0.008
L100746,455503.23,438521.82,7.667,773,83.0,33.5,45,315,NC,SFR,Apex Funding,Northgate Servicing,0.06,0.008
L100747,290891.07,278385.16,6.731,689,59.2,41.3,44,316,WA,Condo,Coastal Mortgage Co,Summit Loan Servicing,0.07345,0.008373333333333333
L100748,213181.49,205129.11,6.373,706,61.4,35.9,37,323,WA,Multifamily,Coastal Mortgage Co,Summit Loan Servicing,0.09134999999999999,0.008
L100749,177620.46,166045.17,4.429,756,53.0,33.0,45,315,NY,SFR,Meridian Home Loans,Pier Asset Mgmt,0.18855,0.008
L100750,243776.71,228358.36,4.759,737,84.4,41.6,46,314,NC,2-4 Unit,Meridian Home Loans,Northgate Servicing,0.17204999999999998,0.008
L100751,218656.52,210434.04,6.398,693,77.0,34.8,37,323,FL,2-4 Unit,Highline Capital,Northgate Servicing,0.09010000000000001,0.00932
L100752,170199.44,155313.59,8.173,626,80.1,29.6,28,152,OH,2-4 Unit,Apex Funding,Northgate Servicing,0.049999999999999996,0.015983333333333336
L100753,497357.56,492072.11,5.771,721,56.8,40.8,10,350,WA,SFR,Coastal Mortgage Co,Summit Loan Servicing,0.08048333333333332,0.008
L100754,453526.48,437812.28,7.177,774,95.4,35.5,39,321,FL,SFR,Meridian Home Loans,Summit Loan Servicing,0.06,0.008
L100755,361355.33,357653.86,5.968,649,66.7,39.9,10,350,IL,2-4 Unit,Coastal Mortgage Co,Northgate Servicing,0.0672,0.01303
L100756,175905.53,174428.91,6.45,750,76.0,32.4,9,351,FL,2-4 Unit,Coastal Mortgage Co,Northgate Servicing,0.06824999999999999,0.008
L100757,327504.4,315857.28,7.493,733,84.3,26.3,42,318,NC,SFR,Meridian Home Loans,Summit Loan Servicing,0.06,0.008
L100758,303722.35,301916.1,6.089,756,62.2,49.9,6,354,FL,SFR,Apex Funding,Northgate Servicing,0.06910999999999999,0.008
L100759,283478.33,281387.91,5.779,763,67.4,48.4,7,353,NC,SFR,Apex Funding,Northgate Servicing,0.074245,0.008
L100760,376014.45,345805.28,7.676,677,76.2,43.1,25,155,WA,Condo,Highline Capital,Summit Loan Servicing,0.06,0.011393333333333333
L100761,303270.34,294915.67,6.441,626,97.0,32.9,28,332,OH,2-4 Unit,Coastal Mortgage Co,Northgate Servicing,0.07608666666666668,0.017893333333333334
L100762,314583.55,311685.92,7.382,686,77.6,33.6,3,177,TX,SFR,Coastal Mortgage Co,Summit Loan Servicing,0.06,0.01
L100763,303433.33,297528.28,5.783,764,93.3,47.1,18,342,TX,SFR,Highline Capital,Northgate Servicing,0.09650999999999998,0.008
L100764,273560.2,271329.8,7.666,685,88.5,33.2,11,349,OH,SFR,Coastal Mortgage Co,Summit Loan Servicing,0.06,0.011163333333333334
L100765,130058.04,128275.8,6.646,677,78.4,30.9,15,345,CA,2-4 Unit,Apex Funding,Pier Asset Mgmt,0.06885,0.0108
L100766,250012.8,248046.91,6.791,615,62.1,51.0,9,351,IL,SFR,Apex Funding,Northgate Servicing,0.053134999999999995,0.016710000000000003
L100767,199852.09,193578.42,6.518,811,86.7,35.6,32,328,WA,SFR,Highline Capital,Summit Loan Servicing,0.08410000000000001,0.008
L100768,155135.73,142113.23,5.945,760,56.0,50.1,23,157,IL,SFR,Coastal Mortgage Co,Pier Asset Mgmt,0.10044166666666665,0.008
L100769,437414.18,416450.72,6.398,757,93.2,24.8,46,314,CA,2-4 Unit,Apex Funding,Pier Asset Mgmt,0.09010000000000001,0.008
L100770,444696.97,444254.44,6.002,768,76.4,40.1,1,359,WA,SFR,Meridian Home Loans,Summit Loan Servicing,0.061663333333333334,0.008
L100771,390712.47,378149.93,7.264,747,42.2,52.6,37,323,AZ,SFR,Highline Capital,Summit Loan Servicing,0.06,0.008
L100772,265487.94,253312.4,6.217,702,69.9,36.2,43,317,NY,SFR,Meridian Home Loans,Summit Loan Servicing,0.09915000000000002,0.008
L100773,389538.81,378370.11,5.053,706,81.8,33.9,23,337,NC,Multifamily,Apex Funding,Summit Loan Servicing,0.134635,0.00844
L100774,243828.07,233288.72,4.889,691,71.2,26.7,33,327,NC,SFR,Meridian Home Loans,Pier Asset Mgmt,0.16554999999999997,0.008400000000000001
L100775,260661.8,253614.8,4.846,820,82.6,44.7,21,339,GA,SFR,Coastal Mortgage Co,Summit Loan Servicing,0.13539,0.008
L100776,165592.47,161443.14,6.956,746,63.8,29.8,28,332,WA,SFR,Meridian Home Loans,Northgate Servicing,0.062053333333333315,0.008
L100777,278994.39,231112.23,5.364,689,58.3,35.2,43,137,AZ,SFR,Apex Funding,Pier Asset Mgmt,0.1418,0.008
L100778,247987.86,242188.32,6.67,741,73.1,26.1,25,335,FL,2-4 Unit,Coastal Mortgage Co,Northgate Servicing,0.07375,0.008
L100779,153902.07,138643.29,6.523,659,74.4,48.5,28,152,WA,Condo,Apex Funding,Pier Asset Mgmt,0.07226000000000002,0.013373333333333334
L100780,238489.61,226664.48,6.342,798,69.8,45.2,47,313,WA,SFR,Coastal Mortgage Co,Summit Loan Servicing,0.09290000000000001,0.008
L100781,236119.82,216684.45,6.795,679,88.7,35.7,24,156,CA,2-4 Unit,Meridian Home Loans,Pier Asset Mgmt,0.0682,0.01195
L100782,455497.91,451740.88,6.542,743,63.8,26.8,9,351,FL,SFR,Apex Funding,Summit Loan Servicing,0.06687,0.008
L100783,332028.03,315262.1,3.961,774,77.8,48.3,33,327,NC,2-4 Unit,Apex Funding,Pier Asset Mgmt,0.21000000000000002,0.008
L100784,243776.21,235259.52,6.109,736,74.8,33.1,33,327,OH,SFR,Apex Funding,Northgate Servicing,0.10455,0.008
L100785,264891.49,262086.18,6.783,720,55.3,27.2,12,348,AZ,SFR,Coastal Mortgage Co,Northgate Servicing,0.06434,0.008
L100786,246588.03,239936.69,7.876,716,58.2,21.9,35,325,GA,2-4 Unit,Apex Funding,Pier Asset Mgmt,0.06,0.008
L100787,226155.95,225690.02,7.918,712,74.1,30.8,3,357,NY,2-4 Unit,Apex Funding,Pier Asset Mgmt,0.06,0.008
L100788,166233.8,163036.8,5.173,683,97.0,24.4,16,344,CA,Condo,Meridian Home Loans,Summit Loan Servicing,0.10872,0.011626666666666667
L100789,230298.56,194570.07,6.085,690,81.0,31.0,41,139,OH,Condo,Meridian Home Loans,Pier Asset Mgmt,0.10575000000000001,0.009766666666666667
L100790,187000.32,179823.7,4.99,796,53.3,42.0,30,330,GA,2-4 Unit,Coastal Mortgage Co,Summit Loan Servicing,0.16049999999999998,0.008
L100791,156747.19,153243.22,7.768,709,36.7,33.0,29,331,IL,Condo,Meridian Home Loans,Pier Asset Mgmt,0.06,0.008
L100792,290374.76,283034.24,7.312,672,82.8,38.8,30,330,WA,SFR,Apex Funding,Pier Asset Mgmt,0.06,0.012266666666666667
L100793,278435.76,276466.88,6.716,687,72.8,30.2,8,352,TX,SFR,Meridian Home Loans,Northgate Servicing,0.06378666666666666,0.009193333333333333
L100794,129917.17,123852.92,6.549,776,87.7,36.5,46,314,FL,Condo,Meridian Home Loans,Pier Asset Mgmt,0.08254999999999998,0.008
L100795,232596.48,229965.06,7.643,752,63.4,51.4,15,345,OH,SFR,Meridian Home Loans,Pier Asset Mgmt,0.06,0.008
L100796,344033.9,333422.8,7.49,746,78.2,33.2,37,323,FL,2-4 Unit,Coastal Mortgage Co,Northgate Servicing,0.06,0.008
L100797,351768.41,337408.09,7.442,701,84.2,39.1,47,313,WA,SFR,Meridian Home Loans,Summit Loan Servicing,0.06,0.009526666666666668
L100798,347681.77,344019.37,6.811,747,68.6,23.5,12,348,OH,SFR,Apex Funding,Northgate Servicing,0.06378,0.008
L100799,246131.11,238342.66,6.086,680,68.9,48.2,30,330,CA,SFR,Meridian Home Loans,Pier Asset Mgmt,0.10569999999999999,0.010703333333333336
L100800,180635.08,180343.31,7.09,701,74.3,32.2,2,358,IL,2-4 Unit,Highline Capital,Summit Loan Servicing,0.06,0.008076666666666666
L100801,166159.83,161817.82,7.134,768,80.5,44.4,30,330,AZ,SFR,Apex Funding,Pier Asset Mgmt,0.06,0.008
L100802,273925.57,268150.19,6.228,763,73.8,35.0,21,339,IL,2-4 Unit,Meridian Home Loans,Summit Loan Servicing,0.08702000000000001,0.008
L100803,277270.27,276175.5,6.084,661,85.7,40.9,4,356,FL,SFR,Coastal Mortgage Co,Northgate Servicing,0.06610666666666666,0.013796666666666667
L100804,381004.28,370871.82,7.42,668,68.5,41.4,32,328,CA,SFR,Meridian Home Loans,Northgate Servicing,0.06,0.01141
L100805,356822.19,343740.99,7.898,721,58.1,32.4,46,314,CA,2-4 Unit,Highline Capital,Summit Loan Servicing,0.06,0.008
L100806,231820.81,228533.72,5.726,810,97.0,44.7,4,176,TX,SFR,Apex Funding,Northgate Servicing,0.06849333333333334,0.008
L100807,157082.74,149998.56,6.163,610,66.7,29.9,42,318,FL,2-4 Unit,Highline Capital,Summit Loan Servicing,0.09185,0.016263333333333335
L100808,217143.28,208732.12,6.716,730,67.2,42.2,40,320,NY,SFR,Coastal Mortgage Co,Northgate Servicing,0.07419999999999999,0.008
L100809,261981.96,238562.09,6.838,639,73.2,32.9,26,154,OH,SFR,Meridian Home Loans,Pier Asset Mgmt,0.057019999999999994,0.014213333333333333
L100810,226221.72,188833.06,5.93,680,74.8,38.8,43,137,GA,SFR,Meridian Home Loans,Summit Loan Servicing,0.11350000000000002,0.010666666666666666
L100811,198339.81,196286.54,8.095,695,69.4,32.3,15,345,TX,2-4 Unit,Coastal Mortgage Co,Pier Asset Mgmt,0.06,0.008193333333333334
L100812,265271.65,256786.75,6.78,692,73.8,36.4,34,326,CA,SFR,Highline Capital,Pier Asset Mgmt,0.07099999999999998,0.009206666666666667
L100813,203539.38,197350.6,6.878,686,73.5,27.4,33,327,TX,SFR,Coastal Mortgage Co,Pier Asset Mgmt,0.06609999999999999,0.009176666666666666
L100814,194887.33,190863.44,7.983,715,76.1,38.0,28,332,NY,Condo,Highline Capital,Summit Loan Servicing,0.06,0.008
L100815,270765.52,258854.26,5.996,686,45.7,36.4,40,320,AZ,Multifamily,Coastal Mortgage Co,Pier Asset Mgmt,0.11019999999999998,0.008
L100816,210934.43,201679.63,6.32,635,96.6,31.7,42,318,CA,2-4 Unit,Meridian Home Loans,Summit Loan Servicing,0.08399999999999999,0.016873333333333334
L100817,264457.68,225693.63,5.272,758,72.2,35.6,37,143,IL,2-4 Unit,Coastal Mortgage Co,Northgate Servicing,0.14639999999999997,0.008
L100818,267164.92,240122.93,6.245,756,81.0,37.1,28,152,IL,SFR,Meridian Home Loans,Summit Loan Servicing,0.09523333333333334,0.008
L100819,162950.19,153143.43,5.06,761,57.5,31.1,46,314,TX,SFR,Apex Funding,Pier Asset Mgmt,0.15700000000000003,0.008
L100820,205164.14,200328.12,7.073,630,68.3,35.0,27,333,CA,2-4 Unit,Meridian Home Loans,Pier Asset Mgmt,0.049999999999999996,0.014763333333333333
L100821,401604.05,390396.38,6.778,731,65.9,28.0,30,330,FL,2-4 Unit,Apex Funding,Summit Loan Servicing,0.07110000000000002,0.008
L100822,161663.48,160227.19,6.151,752,91.6,54.8,9,351,TX,2-4 Unit,Coastal Mortgage Co,Northgate Servicing,0.07273500000000001,0.008
L100823,115748.03,113940.83,6.31,658,67.0,44.5,16,344,AZ,2-4 Unit,Coastal Mortgage Co,Summit Loan Servicing,0.06840000000000002,0.012466666666666668
L100824,126545.12,121568.68,7.085,716,83.1,38.2,43,317,WA,2-4 Unit,Apex Funding,Northgate Servicing,0.06,0.008
L100825,245288.04,238343.97,5.378,709,66.2,45.4,24,336,NC,SFR,Apex Funding,Northgate Servicing,0.12488,0.008
L100826,245443.25,223995.63,6.584,816,68.6,20.2,25,155,AZ,SFR,Highline Capital,Pier Asset Mgmt,0.07733333333333335,0.008
L100827,233009.9,224717.97,7.03,820,71.1,15.5,39,321,AZ,Multifamily,Coastal Mortgage Co,Summit Loan Servicing,0.06,0.008
L100828,371374.56,363735.11,4.796,623,89.4,32.8,16,344,OH,SFR,Highline Capital,Summit Loan Servicing,0.10877333333333333,0.017426666666666667
L100829,95273.59,94225.28,7.016,820,51.3,25.0,13,347,CA,SFR,Highline Capital,Northgate Servicing,0.06,0.008
L100830,278891.15,278549.37,4.893,665,58.2,34.1,1,359,WA,SFR,Highline Capital,Pier Asset Mgmt,0.06351166666666666,0.010193333333333334
L100831,419367.7,414912.04,6.294,769,50.6,37.6,11,349,IL,SFR,Highline Capital,Pier Asset Mgmt,0.07294333333333333,0.008
L100832,163615.87,158758.47,5.353,768,60.9,43.4,25,335,GA,2-4 Unit,Highline Capital,Summit Loan Servicing,0.12862500000000002,0.008
L100833,212578.74,206639.38,7.688,660,64.3,26.9,35,325,AZ,2-4 Unit,Coastal Mortgage Co,Summit Loan Servicing,0.06,0.010823333333333334
L100834,186556.2,175349.29,5.359,742,54.6,39.2,16,164,IL,SFR,Apex Funding,Pier Asset Mgmt,0.10376,0.008
L100835,177544.91,172802.83,4.915,709,65.2,36.1,21,339,FL,SFR,Highline Capital,Pier Asset Mgmt,0.132975,0.008
L100836,216600.15,214395.35,6.52,745,49.8,38.8,11,349,CA,SFR,Coastal Mortgage Co,Northgate Servicing,0.0688,0.008
L100837,400160.04,383136.42,6.028,728,61.8,31.8,39,321,TX,2-4 Unit,Highline Capital,Summit Loan Servicing,0.10860000000000003,0.008
L100838,461891.52,447417.4,5.046,781,88.4,47.1,25,335,CA,SFR,Apex Funding,Summit Loan Servicing,0.14141666666666666,0.008
L100839,215867.76,210963.92,6.873,719,78.8,35.2,7,173,NY,SFR,Coastal Mortgage Co,Pier Asset Mgmt,0.061481666666666664,0.008
L100840,472962.35,454266.17,4.608,706,76.2,50.2,29,331,AZ,SFR,Highline Capital,Summit Loan Servicing,0.17561333333333334,0.008966666666666668
L100841,245843.83,241360.37,5.467,775,62.0,29.7,16,344,NY,SFR,Meridian Home Loans,Summit Loan Servicing,0.10088000000000001,0.008
L100842,448557.37,427873.74,5.882,747,55.6,41.9,41,319,GA,SFR,Apex Funding,Northgate Servicing,0.11590000000000002,0.008
L100843,235001.1,232467.63,7.122,755,60.3,35.5,13,347,TX,Condo,Highline Capital,Pier Asset Mgmt,0.06,0.008
L100844,254198.37,218614.2,7.566,678,73.5,33.4,41,139,GA,SFR,Meridian Home Loans,Pier Asset Mgmt,0.06,0.010376666666666666
L100845,275933.75,268303.86,7.393,658,84.4,41.1,33,327,WA,SFR,Coastal Mortgage Co,Northgate Servicing,0.049999999999999996,0.013980000000000001
L100846,738664.27,733692.2,6.262,684,84.8,33.6,7,353,NY,SFR,Apex Funding,Northgate Servicing,0.06861,0.01092
L100847,327076.69,309707.2,4.215,681,81.6,14.7,36,324,IL,SFR,Meridian Home Loans,Northgate Servicing,0.19925,0.00964
L100848,189559.34,183465.21,6.752,758,65.1,11.5,34,326,WA,SFR,Highline Capital,Summit Loan Servicing,0.0724,0.008
L100849,340833.46,335137.95,7.724,769,74.3,46.2,22,338,NC,Condo,Apex Funding,Summit Loan Servicing,0.06,0.008
L100850,213920.26,212624.61,7.51,706,70.1,45.8,8,352,NY,SFR,Coastal Mortgage Co,Summit Loan Servicing,0.06,0.008063333333333332
L100851,204554.03,200296.15,6.817,794,71.6,51.1,23,337,TX,2-4 Unit,Coastal Mortgage Co,Summit Loan Servicing,0.06701499999999999,0.008
L100852,333704.28,322058.5,5.329,790,97.0,35.9,29,331,WA,SFR,Meridian Home Loans,Pier Asset Mgmt,0.14076500000000003,0.008
L100853,245457.71,243697.29,5.927,728,52.9,25.7,7,353,NC,Condo,Meridian Home Loans,Northgate Servicing,0.07251833333333334,0.008
L100854,267667.7,253950.89,8.14,670,71.2,32.6,17,163,CA,SFR,Apex Funding,Northgate Servicing,0.06,0.010893333333333333
L100855,243993.0,233864.53,5.125,802,88.5,36.1,33,327,GA,SFR,Highline Capital,Summit Loan Servicing,0.15375,0.008
L100856,273157.57,264725.47,5.367,712,56.4,27.9,26,334,WA,SFR,Coastal Mortgage Co,Northgate Servicing,0.13076333333333334,0.008
L100857,281739.47,269830.76,7.248,722,66.3,49.2,47,313,WA,SFR,Meridian Home Loans,Summit Loan Servicing,0.06,0.008
L100858,123261.28,121880.34,6.012,696,67.7,53.9,11,349,TX,SFR,Apex Funding,Pier Asset Mgmt,0.07811333333333334,0.009363333333333335
L100859,306600.36,292715.37,5.336,666,71.3,39.8,37,323,IL,Condo,Apex Funding,Pier Asset Mgmt,0.1432,0.011783333333333333
L100860,172179.57,169606.55,7.775,634,54.8,35.9,20,340,WA,SFR,Meridian Home Loans,Summit Loan Servicing,0.049999999999999996,0.013073333333333333
L100861,146560.75,145150.69,6.815,750,81.1,25.6,11,349,AZ,Multifamily,Apex Funding,Summit Loan Servicing,0.06339166666666665,0.008
L100862,237888.19,226085.05,6.056,672,82.0,48.4,45,315,GA,Condo,Meridian Home Loans,Pier Asset Mgmt,0.10719999999999999,0.012826666666666667
L100863,250044.29,220993.35,5.369,820,80.1,36.6,30,150,NY,SFR,Meridian Home Loans,Summit Loan Servicing,0.14155,0.008
L100864,190474.35,187024.83,8.243,655,63.6,33.7,26,334,AZ,2-4 Unit,Coastal Mortgage Co,Summit Loan Servicing,0.049999999999999996,0.011706666666666667
L100865,324766.31,320409.04,6.378,646,75.0,39.8,14,346,GA,SFR,Apex Funding,Northgate Servicing,0.06451333333333334,0.014153333333333334
L100866,151787.79,130090.51,7.658,743,63.2,31.3,42,138,GA,SFR,Apex Funding,Pier Asset Mgmt,0.06,0.008
L100867,210569.21,210236.68,7.204,799,70.0,37.2,2,358,WA,SFR,Apex Funding,Northgate Servicing,0.06,0.008
L100868,197855.86,196643.48,5.931,719,97.0,24.5,6,354,NY,Condo,Meridian Home Loans,Summit Loan Servicing,0.07069,0.008033333333333333
L100869,238874.71,236665.63,5.938,746,75.1,44.7,9,351,NC,SFR,Coastal Mortgage Co,Northgate Servicing,0.07593,0.008
L100870,267694.72,261174.45,7.702,614,59.7,35.2,31,329,CA,SFR,Apex Funding,Northgate Servicing,0.049999999999999996,0.015516666666666668
L100871,170627.39,170013.27,7.716,678,76.2,45.3,5,355,AZ,Condo,Apex Funding,Northgate Servicing,0.06,0.01144
L100872,312856.2,296644.06,4.711,656,57.8,34.4,38,322,GA,SFR,Meridian Home Loans,Northgate Servicing,0.16444999999999999,0.011073333333333333
L100873,248215.06,240104.77,6.895,611,59.6,34.9,10,170,OH,SFR,Highline Capital,Northgate Servicing,0.051750000000000004,0.015786666666666668
L100874,125218.92,121123.66,6.291,721,61.5,26.3,32,328,NY,SFR,Meridian Home Loans,Northgate Servicing,0.09544999999999998,0.008
L100875,122331.88,104122.52,5.47,592,68.7,42.1,38,142,WA,2-4 Unit,Highline Capital,Northgate Servicing,0.1265,0.01907666666666667
L100876,241756.97,231725.41,6.636,642,85.2,29.0,42,318,GA,SFR,Apex Funding,Northgate Servicing,0.0682,0.014853333333333333
L100877,224731.46,220974.24,5.185,685,80.9,32.1,14,346,FL,SFR,Meridian Home Loans,Northgate Servicing,0.10235000000000001,0.01033
L100878,234170.08,233227.02,5.98,669,80.3,36.0,4,356,TX,Multifamily,Coastal Mortgage Co,Pier Asset Mgmt,0.0668,0.01213
L100879,240435.26,230478.38,5.681,737,60.8,37.0,36,324,TX,2-4 Unit,Coastal Mortgage Co,Summit Loan Servicing,0.12595,0.008
L100880,262746.76,256624.35,5.95,732,67.5,22.4,22,338,NY,SFR,Highline Capital,Pier Asset Mgmt,0.09849999999999999,0.008
L100881,338296.28,322307.3,6.336,764,77.3,34.2,45,315,GA,SFR,Apex Funding,Pier Asset Mgmt,0.09319999999999998,0.008
L100882,164573.62,162918.08,5.486,756,66.5,42.4,9,351,OH,SFR,Coastal Mortgage Co,Northgate Servicing,0.08271,0.008
L100883,161104.73,157804.29,7.816,778,70.7,33.0,27,333,WA,Multifamily,Highline Capital,Summit Loan Servicing,0.06,0.008
L100884,165601.01,162377.85,6.844,715,79.3,34.2,6,174,NC,SFR,Meridian Home Loans,Northgate Servicing,0.06156,0.008
L100885,268638.22,264186.71,8.015,732,69.8,37.3,23,337,IL,SFR,Highline Capital,Pier Asset Mgmt,0.06,0.008
L100886,375394.06,375038.28,6.256,743,76.7,35.0,1,359,NC,SFR,Highline Capital,Summit Loan Servicing,0.061239999999999996,0.008
L100887,208778.93,200466.88,5.906,723,93.1,27.8,36,324,NY,SFR,Coastal Mortgage Co,Northgate Servicing,0.11470000000000002,0.008
L100888,101154.57,98984.01,7.983,693,71.9,35.7,29,331,FL,SFR,Meridian Home Loans,Pier Asset Mgmt,0.06,0.008870000000000001
L100889,133733.26,133045.47,5.88,697,88.2,44.0,5,355,GA,Condo,Highline Capital,Northgate Servicing,0.06933333333333333,0.010653333333333334
L100890,181395.89,176999.95,6.24,670,80.7,27.6,24,336,OH,SFR,Highline Capital,Summit Loan Servicing,0.0904,0.011510000000000001
L100891,199744.61,196131.06,7.048,738,56.4,33.0,21,339,CA,SFR,Coastal Mortgage Co,Northgate Servicing,0.06,0.008
L100892,210462.75,202241.66,5.286,710,60.8,24.9,32,328,TX,2-4 Unit,Meridian Home Loans,Summit Loan Servicing,0.14570000000000002,0.008
L100893,246102.5,240960.66,7.04,679,64.0,43.5,24,336,TX,SFR,Coastal Mortgage Co,Pier Asset Mgmt,0.06,0.01
L100894,217703.38,201536.03,6.925,679,63.7,35.3,22,158,FL,SFR,Meridian Home Loans,Northgate Servicing,0.06275,0.009423333333333334
L100895,350553.59,338862.8,7.542,648,72.9,29.2,40,320,TX,SFR,Apex Funding,Northgate Servicing,0.049999999999999996,0.013036666666666669
L100896,191643.84,187585.08,7.201,769,81.4,36.7,25,335,TX,Condo,Apex Funding,Pier Asset Mgmt,0.06,0.008
L100897,179546.36,173757.2,7.57,719,89.1,26.4,39,321,CA,SFR,Coastal Mortgage Co,Northgate Servicing,0.06,0.008
L100898,287105.91,274466.97,6.301,668,77.7,27.7,42,318,NY,Condo,Apex Funding,Summit Loan Servicing,0.09494999999999999,0.011416666666666667
L100899,141849.98,135194.11,5.624,759,68.7,24.3,40,320,AZ,SFR,Apex Funding,Pier Asset Mgmt,0.12880000000000003,0.008
L100900,278282.51,269045.58,8.299,684,49.0,27.5,45,315,TX,SFR,Meridian Home Loans,Northgate Servicing,0.06,0.008
L100901,251674.94,241048.36,5.026,638,74.8,46.9,33,327,NY,SFR,Coastal Mortgage Co,Northgate Servicing,0.1487,0.015406666666666666
L100902,230589.68,222847.41,5.116,771,74.3,30.1,27,333,WA,SFR,Highline Capital,Summit Loan Servicing,0.14478000000000002,0.008
L100903,423325.49,413855.62,6.909,685,76.2,39.7,25,335,TX,SFR,Highline Capital,Northgate Servicing,0.06379166666666668,0.010366666666666666
L100904,195287.36,193899.44,7.862,693,97.0,29.3,10,350,WA,Condo,Highline Capital,Northgate Servicing,0.06,0.010953333333333334
L100905,499370.89,480071.44,6.571,717,88.9,42.1,39,321,GA,SFR,Highline Capital,Summit Loan Servicing,0.08145000000000001,0.008596666666666667
L100906,224380.6,218067.02,7.299,778,83.4,27.8,33,327,AZ,SFR,Meridian Home Loans,Northgate Servicing,0.06,0.008
L100907,155289.17,146163.39,4.604,716,62.5,36.3,42,318,NY,Multifamily,Coastal Mortgage Co,Summit Loan Servicing,0.17980000000000002,0.008
L100908,248816.72,239874.66,5.95,649,67.8,36.4,33,327,NY,SFR,Coastal Mortgage Co,Northgate Servicing,0.1025,0.012906666666666667
L100909,166593.86,161524.76,4.713,745,72.9,54.6,23,337,NY,SFR,Apex Funding,Pier Asset Mgmt,0.14766833333333335,0.008
L100910,186630.4,184448.73,7.102,688,64.7,41.0,14,346,TX,SFR,Highline Capital,Pier Asset Mgmt,0.06,0.009003333333333334
L100911,278998.49,224954.33,5.007,819,80.0,31.3,47,133,NY,SFR,Apex Funding,Summit Loan Servicing,0.15965000000000001,0.008
L100912,294918.32,282153.95,5.25,715,78.3,41.5,35,325,OH,Multifamily,Apex Funding,Summit Loan Servicing,0.14750000000000002,0.008
L100913,195290.08,187507.82,6.863,592,60.9,53.1,42,318,CA,Multifamily,Meridian Home Loans,Summit Loan Servicing,0.05684999999999998,0.019030000000000002
L100914,343036.39,335059.36,7.356,735,88.4,23.0,28,332,GA,SFR,Apex Funding,Northgate Servicing,0.06,0.008
L100915,364079.57,355283.9,6.257,820,75.2,29.3,24,336,NC,Multifamily,Highline Capital,Summit Loan Servicing,0.08972000000000001,0.008
L100916,401396.75,398837.41,6.913,802,53.3,34.1,2,178,TX,SFR,Highline Capital,Summit Loan Servicing,0.060289999999999996,0.008
L100917,292229.49,291240.72,6.884,816,73.4,32.7,4,356,TX,Multifamily,Apex Funding,Pier Asset Mgmt,0.06077333333333333,0.008
L100918,391288.36,377408.98,6.206,659,77.4,33.3,34,326,GA,2-4 Unit,Meridian Home Loans,Pier Asset Mgmt,0.08969999999999999,0.012660000000000001
L100919,125708.44,124135.36,5.415,765,85.7,25.6,11,349,FL,SFR,Meridian Home Loans,Northgate Servicing,0.08905833333333332,0.008
L100920,217234.5,216502.93,6.908,675,70.0,47.2,4,356,WA,SFR,Apex Funding,Pier Asset Mgmt,0.06061333333333333,0.011246666666666667
L100921,179252.04,155893.12,6.952,727,83.9,24.6,37,143,TX,Condo,Highline Capital,Northgate Servicing,0.0624,0.008
L100922,253147.87,246619.49,7.205,645,76.2,34.4,30,330,TX,SFR,Highline Capital,Northgate Servicing,0.049999999999999996,0.014013333333333334
L100923,198787.71,197732.25,6.681,680,58.2,44.4,6,354,NY,SFR,Coastal Mortgage Co,Pier Asset Mgmt,0.06319,0.009380000000000001
L100924,229084.17,208047.65,5.348,678,57.0,35.8,24,156,NY,SFR,Apex Funding,Summit Loan Servicing,0.12608000000000003,0.008886666666666666
L100925,469189.12,459789.28,7.021,764,87.5,28.2,23,337,TX,SFR,Meridian Home Loans,Northgate Servicing,0.06,0.008
L100926,228798.75,228038.42,6.399,759,88.4,25.2,1,179,NC,SFR,Apex Funding,Summit Loan Servicing,0.06100166666666666,0.008
L100927,280639.81,271891.16,5.966,730,77.9,34.2,29,331,NY,SFR,Meridian Home Loans,Pier Asset Mgmt,0.10997666666666667,0.008
L100928,223844.24,219523.03,6.135,641,91.9,29.9,19,341,GA,Condo,Highline Capital,Pier Asset Mgmt,0.07739166666666668,0.015683333333333334
L100929,249321.79,237303.18,5.779,698,86.7,37.6,42,318,FL,SFR,Highline Capital,Pier Asset Mgmt,0.12105,0.009976666666666668
L100930,243313.46,238718.7,7.2,674,82.2,24.8,6,174,CA,SFR,Meridian Home Loans,Northgate Servicing,0.06,0.011073333333333334
L100931,284052.23,238281.89,5.124,763,63.1,42.5,40,140,CA,SFR,Highline Capital,Northgate Servicing,0.15380000000000002,0.008
L100932,365074.83,364675.69,5.506,780,94.8,36.9,1,359,CA,SFR,Highline Capital,Summit Loan Servicing,0.06249,0.008
L100933,432175.87,415560.22,6.104,773,80.4,37.5,36,324,OH,Condo,Coastal Mortgage Co,Pier Asset Mgmt,0.1048,0.008
L100934,270591.89,262788.48,7.852,673,69.4,47.5,37,323,FL,SFR,Coastal Mortgage Co,Pier Asset Mgmt,0.06,0.011406666666666667
L100935,298445.14,293604.05,7.349,580,66.0,32.5,20,340,NY,Condo,Meridian Home Loans,Pier Asset Mgmt,0.049999999999999996,0.019366666666666664
L100936,162299.3,159454.98,4.923,618,77.1,30.2,14,346,GA,SFR,Highline Capital,Northgate Servicing,0.09846333333333333,0.016523333333333334
L100937,235447.48,234229.45,7.616,793,53.9,31.6,7,353,CA,Condo,Meridian Home Loans,Summit Loan Servicing,0.06,0.008
L100938,337425.93,333317.79,7.614,693,82.4,34.5,16,344,NC,SFR,Highline Capital,Northgate Servicing,0.06,0.009840000000000002
L100939,328761.89,316046.37,5.343,674,62.6,35.3,32,328,GA,2-4 Unit,Apex Funding,Summit Loan Servicing,0.14285,0.009813333333333334
L100940,261467.01,247803.5,4.131,805,78.4,29.4,35,325,AZ,SFR,Highline Capital,Summit Loan Servicing,0.20345,0.008
L100941,331120.58,328279.52,6.335,785,67.7,19.8,9,351,TX,2-4 Unit,Coastal Mortgage Co,Pier Asset Mgmt,0.069975,0.008
L100942,288303.31,288085.46,7.41,716,70.8,31.5,1,359,CA,SFR,Highline Capital,Pier Asset Mgmt,0.06,0.008
L100943,369574.34,362026.23,7.832,699,64.9,38.9,27,333,AZ,SFR,Coastal Mortgage Co,Northgate Servicing,0.06,0.008
L100944,268679.82,260093.27,5.616,708,72.1,37.1,28,332,NY,SFR,Coastal Mortgage Co,Northgate Servicing,0.12458666666666669,0.008
L100945,214380.04,206437.64,7.977,727,96.7,45.6,47,313,CA,SFR,Coastal Mortgage Co,Northgate Servicing,0.06,0.00861
L100946,273086.65,259009.86,4.395,803,90.6,51.6,36,324,GA,SFR,Highline Capital,Summit Loan Servicing,0.19025000000000003,0.008
L100947,87054.7,84684.59,6.069,738,78.3,42.1,26,334,IL,2-4 Unit,Coastal Mortgage Co,Summit Loan Servicing,0.10034333333333334,0.008
L100948,277620.4,269373.44,6.025,755,73.7,47.1,28,332,WA,Condo,Coastal Mortgage Co,Summit Loan Servicing,0.10549999999999998,0.008
L100949,80000.0,77952.02,7.437,779,84.1,42.1,31,329,WA,SFR,Apex Funding,Pier Asset Mgmt,0.06,0.008
L100950,132825.01,130537.9,7.568,651,87.6,49.7,22,338,GA,Multifamily,Apex Funding,Northgate Servicing,0.049999999999999996,0.015573333333333333
L100951,284394.89,276601.73,7.259,757,64.0,50.8,32,328,TX,SFR,Apex Funding,Pier Asset Mgmt,0.06,0.008
L100952,286970.66,276191.28,5.185,699,73.1,43.6,10,170,AZ,SFR,Coastal Mortgage Co,Summit Loan Servicing,0.09025,0.008916666666666666
L100953,161643.72,155880.46,7.176,580,52.1,41.7,40,320,FL,2-4 Unit,Meridian Home Loans,Pier Asset Mgmt,0.049999999999999996,0.018590000000000002
L100954,189238.67,161401.5,6.858,598,87.5,34.4,41,139,OH,SFR,Highline Capital,Pier Asset Mgmt,0.05710000000000002,0.019843333333333334
L100955,392263.6,359874.49,4.896,659,97.0,35.7,21,159,NC,SFR,Coastal Mortgage Co,Northgate Servicing,0.12364000000000001,0.01478
L100956,204963.96,198828.82,4.54,744,75.0,33.3,22,338,NY,SFR,Highline Capital,Summit Loan Servicing,0.1502,0.008
L100957,532331.72,490302.33,7.334,721,48.5,41.0,24,156,WA,SFR,Coastal Mortgage Co,Pier Asset Mgmt,0.06,0.008
L100958,242638.52,207393.81,6.238,725,81.3,30.2,39,141,GA,SFR,Apex Funding,Pier Asset Mgmt,0.09809999999999998,0.008
L100959,280074.99,277128.79,5.243,820,63.2,34.5,9,351,NY,SFR,Apex Funding,Northgate Servicing,0.08635499999999999,0.008
L100960,427584.0,420342.3,6.213,645,66.0,17.2,17,343,TX,SFR,Highline Capital,Summit Loan Servicing,0.07229833333333334,0.011846666666666667
L100961,254195.64,228416.45,6.728,713,81.5,49.8,29,151,NC,Condo,Meridian Home Loans,Northgate Servicing,0.07314666666666668,0.00877
L100962,170959.1,150410.23,6.325,732,77.1,34.2,33,147,FL,Multifamily,Apex Funding,Northgate Servicing,0.09375,0.008
L100963,233653.7,229617.18,5.003,675,68.1,39.6,14,346,TX,SFR,Meridian Home Loans,Pier Asset Mgmt,0.10659666666666667,0.01055
L100964,239794.18,238831.53,8.097,717,66.2,47.7,6,354,TX,SFR,Highline Capital,Pier Asset Mgmt,0.06,0.008
L100965,150593.65,147600.07,7.304,627,75.5,38.4,24,336,NC,SFR,Apex Funding,Northgate Servicing,0.049999999999999996,0.01601
L100966,222005.8,214743.36,6.098,793,69.1,47.6,31,329,WA,SFR,Highline Capital,Summit Loan Servicing,0.1051,0.008
L100967,187256.15,179876.65,6.134,678,60.7,26.1,37,323,FL,SFR,Coastal Mortgage Co,Northgate Servicing,0.10329999999999998,0.008610000000000001
L100968,335549.65,335259.27,6.724,820,70.0,55.0,1,359,FL,SFR,Meridian Home Loans,Pier Asset Mgmt,0.06046,0.008
L100969,245760.84,245485.87,5.383,713,78.1,44.7,1,359,NC,Condo,Apex Funding,Summit Loan Servicing,0.062695,0.00809
L100970,219920.52,216091.9,6.69,772,71.9,37.7,19,341,TX,SFR,Meridian Home Loans,Pier Asset Mgmt,0.06981666666666665,0.008
L100971,233943.83,226206.23,5.202,712,57.0,47.4,27,333,CA,Condo,Coastal Mortgage Co,Northgate Servicing,0.14091,0.008
L100972,262522.67,262277.72,6.337,713,85.9,26.7,1,359,NC,SFR,Coastal Mortgage Co,Pier Asset Mgmt,0.061105,0.008
L100973,301307.0,298197.93,5.348,683,41.1,33.7,9,351,GA,2-4 Unit,Meridian Home Loans,Pier Asset Mgmt,0.08478,0.008
L100974,171116.64,167127.73,5.394,722,68.6,47.6,20,340,CA,SFR,Meridian Home Loans,Summit Loan Servicing,0.11353333333333332,0.008
L100975,168626.98,161430.26,7.881,732,66.6,21.1,14,166,FL,Condo,Apex Funding,Summit Loan Servicing,0.06,0.008
L100976,357409.59,345280.84,6.453,672,75.8,40.5,34,326,TX,Condo,Highline Capital,Pier Asset Mgmt,0.08734999999999998,0.01168
L100977,210172.12,208793.9,6.587,708,80.7,40.3,2,178,NC,SFR,Coastal Mortgage Co,Pier Asset Mgmt,0.06137666666666666,0.008556666666666667
L100978,147872.44,139162.45,4.59,681,87.5,51.8,42,318,NC,SFR,Coastal Mortgage Co,Northgate Servicing,0.1805,0.012703333333333334
L100979,283604.08,281245.57,5.863,820,65.5,23.3,8,352,AZ,Condo,Meridian Home Loans,Summit Loan Servicing,0.07515999999999999,0.008
L100980,285552.0,280154.23,6.815,710,81.0,48.9,21,339,CA,SFR,Apex Funding,Summit Loan Servicing,0.06647499999999998,0.00896
L100981,142094.79,117239.42,6.575,800,76.3,31.5,47,133,OH,SFR,Highline Capital,Summit Loan Servicing,0.08124999999999999,0.008
L100982,263107.67,251273.77,4.461,704,53.5,32.4,32,328,FL,SFR,Apex Funding,Northgate Servicing,0.18694999999999998,0.008
L100983,314096.04,299170.32,6.586,729,96.8,26.2,47,313,WA,Condo,Coastal Mortgage Co,Pier Asset Mgmt,0.08069999999999998,0.008
L100984,276795.78,276556.53,6.73,642,56.7,27.3,1,359,OH,SFR,Apex Funding,Summit Loan Servicing,0.050449999999999995,0.01189
L100985,302910.76,294510.49,7.555,690,79.0,39.2,34,326,IL,SFR,Highline Capital,Summit Loan Servicing,0.06,0.010113333333333334
L100986,148524.59,147906.87,5.81,727,78.7,27.1,4,356,AZ,SFR,Highline Capital,Summit Loan Servicing,0.06793333333333333,0.008
L100987,272628.15,261429.72,4.382,802,77.3,41.9,29,331,NC,SFR,Meridian Home Loans,Pier Asset Mgmt,0.18653666666666668,0.008
L100988,218399.9,214442.91,5.503,727,68.1,30.7,16,344,AZ,Condo,Coastal Mortgage Co,Northgate Servicing,0.09992,0.008
L100989,205052.94,195888.87,5.413,791,83.9,26.3,37,323,CA,SFR,Highline Capital,Pier Asset Mgmt,0.13934999999999997,0.008
L100990,329290.12,322998.88,7.063,750,55.3,31.8,6,174,CA,SFR,Apex Funding,Summit Loan Servicing,0.06,0.008
L100991,407479.57,380187.56,3.955,805,73.2,38.7,43,317,WA,SFR,Highline Capital,Northgate Servicing,0.21000000000000002,0.008
L100992,454989.45,416943.98,5.996,712,67.2,33.8,23,157,AZ,SFR,Highline Capital,Northgate Servicing,0.09848666666666665,0.008
L100993,384686.02,377250.65,7.683,820,65.9,36.3,25,335,NC,Condo,Meridian Home Loans,Northgate Servicing,0.06,0.008
L100994,233653.15,227423.49,6.406,688,79.1,41.6,27,333,NY,SFR,Apex Funding,Northgate Servicing,0.08673000000000002,0.010483333333333334
L100995,274704.72,274271.15,7.207,673,86.9,44.7,2,358,IL,Condo,Apex Funding,Summit Loan Servicing,0.06,0.01297
L100996,317549.19,311573.18,4.922,648,69.9,33.5,15,345,NY,Condo,Coastal Mortgage Co,Summit Loan Servicing,0.10195000000000001,0.013023333333333335
L100997,253320.88,242148.06,4.958,820,83.4,27.6,34,326,IL,2-4 Unit,Apex Funding,Pier Asset Mgmt,0.1621,0.008
L100998,254172.25,244501.17,7.694,760,74.6,36.6,46,314,NC,SFR,Meridian Home Loans,Northgate Servicing,0.06,0.008
L100999,323940.0,266959.85,6.491,697,63.3,39.8,47,133,AZ,SFR,Coastal Mortgage Co,Summit Loan Servicing,0.08545000000000001,0.008
L101000,237815.65,231822.85,6.493,784,70.9,24.3,26,334,NY,SFR,Coastal Mortgage Co,Northgate Servicing,0.08196999999999999,0.008
L101001,188103.87,185298.61,5.394,753,70.4,28.9,13,347,OH,2-4 Unit,Coastal Mortgage Co,Pier Asset Mgmt,0.09479666666666667,0.008
L101002,210015.04,205370.29,6.491,820,65.6,30.2,23,337,CA,Condo,Apex Funding,Northgate Servicing,0.07951166666666667,0.008
L101003,303115.33,295272.38,5.369,630,79.1,34.3,22,338,OH,SFR,Highline Capital,Pier Asset Mgmt,0.10980333333333335,0.015796666666666667
L101004,243056.12,239406.65,7.468,700,76.8,29.9,19,341,NC,Condo,Highline Capital,Summit Loan Servicing,0.06,0.008273333333333334
L101005,273504.54,270726.7,8.855,690,54.9,41.7,17,343,GA,SFR,Apex Funding,Summit Loan Servicing,0.06,0.008
L101006,306976.89,295012.79,6.836,606,54.2,23.2,41,319,NY,SFR,Coastal Mortgage Co,Northgate Servicing,0.05819999999999998,0.014966666666666666
L101007,212948.47,208600.06,5.829,773,79.1,23.4,19,341,NY,2-4 Unit,Highline Capital,Pier Asset Mgmt,0.09708166666666668,0.008
L101008,316376.06,315482.19,4.12,700,64.2,33.3,2,358,NY,SFR,Highline Capital,Pier Asset Mgmt,0.0696,0.008
L101009,277227.82,264845.44,4.884,756,77.6,34.6,34,326,WA,Multifamily,Highline Capital,Northgate Servicing,0.1658,0.008
L101010,157599.99,153696.33,7.799,820,83.4,24.4,32,328,CA,2-4 Unit,Highline Capital,Summit Loan Servicing,0.06,0.008
L101011,402240.99,393960.76,5.474,696,58.7,31.1,18,342,NC,Multifamily,Highline Capital,Northgate Servicing,0.10577999999999999,0.008
L101012,203768.4,197297.28,6.066,692,57.1,32.8,30,330,WA,2-4 Unit,Highline Capital,Summit Loan Servicing,0.10670000000000002,0.008
L101013,136041.69,130312.14,6.99,722,94.1,32.9,45,315,GA,SFR,Apex Funding,Summit Loan Servicing,0.060499999999999984,0.008003333333333333
L101014,168423.13,162378.63,7.734,769,78.2,37.2,44,316,NC,SFR,Apex Funding,Summit Loan Servicing,0.06,0.008
L101015,169843.75,163055.28,6.22,684,69.0,30.7,38,322,GA,SFR,Apex Funding,Pier Asset Mgmt,0.099,0.009146666666666668
L101016,247276.06,221857.08,6.036,680,62.8,47.8,28,152,GA,Condo,Coastal Mortgage Co,Northgate Servicing,0.10498666666666669,0.010066666666666666
L101017,220610.13,219148.14,6.464,773,67.9,39.9,2,178,NC,SFR,Highline Capital,Summit Loan Servicing,0.06178666666666666,0.008
L101018,215800.32,209922.03,5.835,736,59.7,29.5,25,335,WA,2-4 Unit,Apex Funding,Northgate Servicing,0.10854166666666668,0.008
L101019,301611.69,256716.64,5.884,603,84.6,36.8,39,141,AZ,SFR,Apex Funding,Pier Asset Mgmt,0.10579999999999999,0.019213333333333332
L101020,273472.51,234103.13,6.771,648,64.7,37.0,40,140,OH,SFR,Apex Funding,Pier Asset Mgmt,0.06145,0.012736666666666667
L101021,271201.33,261306.5,6.567,798,87.1,45.7,37,323,GA,SFR,Meridian Home Loans,Northgate Servicing,0.08164999999999999,0.008
L101022,280250.73,270498.55,8.318,737,69.2,31.2,47,313,AZ,Condo,Highline Capital,Summit Loan Servicing,0.06,0.008
L101023,301235.35,275332.39,6.795,673,61.5,42.1,25,155,OH,SFR,Apex Funding,Northgate Servicing,0.06854166666666667,0.010256666666666667
L101024,116101.06,115569.24,7.436,706,68.9,36.3,6,354,FL,SFR,Highline Capital,Northgate Servicing,0.06,0.008
L101025,213725.25,207736.8,5.436,716,42.5,47.9,24,336,OH,SFR,Meridian Home Loans,Pier Asset Mgmt,0.12256,0.008
L101026,113201.7,111715.93,6.873,755,72.6,46.3,15,345,NC,SFR,Meridian Home Loans,Northgate Servicing,0.063175,0.008
L101027,245885.43,234594.29,5.749,640,72.0,37.6,40,320,IL,Multifamily,Highline Capital,Pier Asset Mgmt,0.11255000000000003,0.014306666666666667
L101028,242408.22,233859.52,6.756,669,83.9,33.9,37,323,AZ,SFR,Apex Funding,Northgate Servicing,0.07219999999999999,0.01235
L101029,350086.76,344040.97,7.02,730,51.4,40.1,20,340,TX,SFR,Apex Funding,Northgate Servicing,0.06,0.008
L101030,367938.85,361232.82,6.445,710,87.9,34.6,19,341,NC,SFR,Coastal Mortgage Co,Summit Loan Servicing,0.07757499999999999,0.008696666666666667
L101031,260659.77,254785.16,8.567,746,83.8,49.4,8,172,GA,SFR,Apex Funding,Northgate Servicing,0.06,0.008
L101032,203795.77,203355.76,7.685,647,89.0,36.6,3,357,OH,SFR,Apex Funding,Summit Loan Servicing,0.049999999999999996,0.01524
L101033,287738.22,284364.96,7.46,735,73.4,32.8,15,345,NC,SFR,Meridian Home Loans,Northgate Servicing,0.06,0.008
L101034,201839.65,194005.13,7.088,775,86.2,32.3,12,168,GA,SFR,Apex Funding,Pier Asset Mgmt,0.06,0.008
L101035,242683.3,233182.08,7.987,742,56.3,26.3,13,167,GA,SFR,Apex Funding,Northgate Servicing,0.06,0.008
L101036,342884.08,321917.92,5.107,723,82.6,40.5,47,313,GA,SFR,Coastal Mortgage Co,Northgate Servicing,0.15465,0.008
L101037,199741.64,194460.4,7.633,710,64.7,29.4,33,327,OH,Condo,Coastal Mortgage Co,Pier Asset Mgmt,0.06,0.008
L101038,321897.2,312205.68,5.508,669,54.2,44.8,26,334,AZ,SFR,Highline Capital,Summit Loan Servicing,0.12465333333333334,0.010106666666666667
L101039,307764.6,297961.23,5.892,711,60.5,25.7,9,171,CA,Condo,Apex Funding,Summit Loan Servicing,0.07662,0.008
L101040,173828.22,167319.39,6.905,784,74.1,37.0,40,320,GA,SFR,Coastal Mortgage Co,Northgate Servicing,0.06474999999999999,0.008
L101041,341418.05,332796.49,7.51,708,64.1,45.2,31,329,FL,2-4 Unit,Apex Funding,Northgate Servicing,0.06,0.008
L101042,310052.9,300862.76,5.362,666,78.5,18.8,25,335,TX,SFR,Meridian Home Loans,Northgate Servicing,0.12825,0.011103333333333333
L101043,251619.69,245744.81,5.939,688,52.3,52.1,22,338,OH,Condo,Coastal Mortgage Co,Pier Asset Mgmt,0.09890333333333333,0.008503333333333333
L101044,185941.39,181251.48,6.488,726,48.5,32.6,26,334,OH,2-4 Unit,Apex Funding,Northgate Servicing,0.08218666666666664,0.008
L101045,179742.02,172155.34,6.232,694,90.5,37.1,40,320,WA,Multifamily,Coastal Mortgage Co,Northgate Servicing,0.09839999999999999,0.010723333333333335
L101046,201152.4,177654.46,7.169,742,84.8,40.6,34,146,NY,2-4 Unit,Meridian Home Loans,Northgate Servicing,0.06,0.008
L101047,293580.77,289947.68,9.492,744,61.4,41.8,23,337,IL,SFR,Apex Funding,Pier Asset Mgmt,0.06,0.008
L101048,173777.53,168573.54,6.777,764,74.0,38.2,32,328,AZ,Multifamily,Highline Capital,Pier Asset Mgmt,0.07114999999999999,0.008
L101049,282979.37,268516.31,5.738,793,86.2,44.0,44,316,TX,2-4 Unit,Coastal Mortgage Co,Summit Loan Servicing,0.12309999999999997,0.008
L101050,157217.51,154226.38,5.233,770,79.0,40.2,16,344,CA,SFR,Highline Capital,Summit Loan Servicing,0.10712000000000002,0.008
L101051,226064.58,215496.44,6.107,664,75.8,50.1,43,317,IL,SFR,Highline Capital,Summit Loan Servicing,0.10464999999999999,0.01312
L101052,252300.65,243837.37,5.554,665,87.1,40.2,29,331,NC,Multifamily,Apex Funding,Northgate Servicing,0.12989,0.013489999999999999
L101053,571371.88,566905.01,6.821,711,65.2,51.7,9,351,IL,SFR,Highline Capital,Northgate Servicing,0.062685,0.008
L101054,149932.36,143244.43,6.807,690,74.4,43.2,46,314,FL,Condo,Coastal Mortgage Co,Summit Loan Servicing,0.06964999999999998,0.009920000000000002
L101055,406445.49,391923.79,5.983,652,73.8,21.6,33,327,GA,SFR,Highline Capital,Northgate Servicing,0.10085000000000002,0.01222
L101056,255875.13,252533.76,8.186,691,70.7,55.0,19,341,WA,Condo,Meridian Home Loans,Northgate Servicing,0.06,0.010236666666666668
L101057,280382.54,277076.82,5.738,689,69.3,31.4,11,349,FL,SFR,Coastal Mortgage Co,Pier Asset Mgmt,0.08313666666666665,0.008723333333333333
L101058,253070.09,241318.99,6.293,678,74.9,48.0,44,316,IL,Condo,Apex Funding,Northgate Servicing,0.09534999999999999,0.01149
L101059,283694.83,273498.23,6.975,698,74.4,36.2,39,321,NY,SFR,Meridian Home Loans,Northgate Servicing,0.06125000000000001,0.008653333333333334
L101060,230086.41,229539.62,7.203,780,61.4,44.5,3,357,FL,2-4 Unit,Highline Capital,Northgate Servicing,0.06,0.008
L101061,403897.97,394133.08,7.55,726,83.6,30.5,30,330,NC,SFR,Highline Capital,Summit Loan Servicing,0.06,0.008
L101062,206950.54,205873.85,6.786,820,62.3,41.0,6,354,NY,SFR,Meridian Home Loans,Northgate Servicing,0.06214,0.008
L101063,360873.26,344776.87,7.346,724,71.4,34.0,14,166,NC,SFR,Highline Capital,Summit Loan Servicing,0.06,0.008
L101064,193778.59,188014.59,5.801,699,70.5,48.6,27,333,CA,SFR,Meridian Home Loans,Summit Loan Servicing,0.113955,0.00899
L101065,237734.99,228611.74,7.226,715,78.3,39.5,12,168,NC,Multifamily,Meridian Home Loans,Northgate Servicing,0.06,0.008
L101066,166843.76,163318.87,7.214,729,48.6,43.5,25,335,TX,SFR,Highline Capital,Northgate Servicing,0.06,0.008
L101067,284719.08,280225.51,7.762,739,84.7,18.7,21,339,NY,SFR,Apex Funding,Northgate Servicing,0.06,0.008
L101068,402638.37,388046.59,4.898,820,65.9,35.3,28,332,OH,2-4 Unit,Highline Capital,Pier Asset Mgmt,0.15809333333333336,0.008
L101069,236316.04,225759.9,5.584,669,88.6,39.3,38,322,NY,SFR,Coastal Mortgage Co,Summit Loan Servicing,0.13080000000000003,0.013179999999999999
L101070,226633.62,225157.87,7.141,762,68.3,37.8,8,352,NC,SFR,Apex Funding,Pier Asset Mgmt,0.06,0.008
L101071,164371.45,154815.87,4.014,726,73.4,43.7,38,322,NY,Condo,Meridian Home Loans,Northgate Servicing,0.20929999999999999,0.008
L101072,224077.57,221933.29,6.843,629,97.0,33.1,11,349,WA,SFR,Apex Funding,Pier Asset Mgmt,0.052878333333333326,0.017606666666666666
L101073,139040.7,138827.57,7.354,757,70.7,36.4,2,358,WA,2-4 Unit,Highline Capital,Pier Asset Mgmt,0.06,0.008
L101074,176397.05,172433.88,5.881,785,88.9,45.4,21,339,WA,SFR,Apex Funding,Pier Asset Mgmt,0.09916499999999999,0.008
L101075,262859.54,258803.76,6.013,668,74.5,17.8,15,345,NY,SFR,Highline Capital,Northgate Servicing,0.084675,0.010436666666666667
L101076,385252.65,381339.09,5.433,715,79.0,40.7,9,351,NY,SFR,Coastal Mortgage Co,Northgate Servicing,0.083505,0.008
L101077,649023.24,635296.22,5.931,620,74.8,33.3,20,340,NC,2-4 Unit,Highline Capital,Northgate Servicing,0.08563333333333333,0.016300000000000002
L101078,197737.41,188737.41,5.957,646,84.2,28.7,41,319,OH,SFR,Apex Funding,Pier Asset Mgmt,0.10215,0.014333333333333333
L101079,401256.06,388812.5,5.785,773,65.8,38.7,28,332,GA,Condo,Meridian Home Loans,Summit Loan Servicing,0.1167,0.008
L101080,264425.11,253906.45,5.736,689,62.2,45.8,35,325,AZ,SFR,Coastal Mortgage Co,Pier Asset Mgmt,0.12320000000000002,0.008973333333333333
L101081,230282.78,228470.56,6.156,654,66.3,44.3,8,352,OH,SFR,Coastal Mortgage Co,Pier Asset Mgmt,0.06125333333333333,0.012783333333333334
L101082,282492.72,281390.24,6.145,728,75.2,34.9,4,356,AZ,Condo,Meridian Home Loans,Summit Loan Servicing,0.0657,0.008
L101083,248120.74,245367.16,8.087,686,71.4,43.0,16,344,NY,SFR,Highline Capital,Summit Loan Servicing,0.06,0.010006666666666667
L101084,252366.71,242263.9,6.045,689,82.5,42.9,37,323,FL,SFR,Meridian Home Loans,Summit Loan Servicing,0.10775000000000001,0.01081
L101085,210466.84,201847.74,6.71,756,89.7,35.3,42,318,IL,SFR,Apex Funding,Northgate Servicing,0.0745,0.008
L101086,148845.13,148079.76,5.881,651,62.3,30.5,5,355,GA,Condo,Highline Capital,Summit Loan Servicing,0.059324999999999996,0.011763333333333334
L101087,141454.19,137948.44,5.869,665,65.2,30.9,23,337,OH,SFR,Coastal Mortgage Co,Summit Loan Servicing,0.10335500000000002,0.01068
L101088,305173.49,282417.46,4.866,723,56.8,42.7,19,161,NY,SFR,Apex Funding,Summit Loan Servicing,0.12757666666666667,0.008
L101089,220390.22,210410.47,4.986,768,97.0,35.7,35,325,TX,SFR,Apex Funding,Summit Loan Servicing,0.1607,0.008
L101090,197080.76,194801.99,5.314,783,77.7,27.6,10,350,NY,Multifamily,Highline Capital,Northgate Servicing,0.0881,0.008
L101091,243525.51,238212.94,6.565,678,79.8,22.5,23,337,GA,SFR,Meridian Home Loans,Summit Loan Servicing,0.07667499999999998,0.01028
L101092,320688.74,309649.7,7.369,767,57.9,42.7,40,320,FL,SFR,Coastal Mortgage Co,Northgate Servicing,0.06,0.008
L101093,258623.18,236031.5,4.792,672,74.0,31.6,22,158,NY,SFR,Apex Funding,Summit Loan Servicing,0.14096,0.010906666666666667
L101094,192987.51,185070.76,5.906,815,80.1,38.6,37,323,FL,SFR,Meridian Home Loans,Summit Loan Servicing,0.11470000000000002,0.008
L101095,372951.08,359077.28,5.17,653,71.0,45.9,30,330,WA,SFR,Highline Capital,Pier Asset Mgmt,0.14150000000000001,0.01346
L101096,421980.73,409281.37,6.162,788,86.9,25.5,29,331,GA,2-4 Unit,Apex Funding,Pier Asset Mgmt,0.10050333333333333,0.008
L101097,288685.99,285718.58,7.368,679,97.0,35.6,13,347,AZ,Condo,Meridian Home Loans,Summit Loan Servicing,0.06,0.012773333333333334
L101098,341390.49,323428.49,5.998,820,62.6,34.6,47,313,GA,SFR,Meridian Home Loans,Summit Loan Servicing,0.11009999999999999,0.008
L101099,375001.76,370695.26,6.357,748,61.7,39.0,12,348,CA,SFR,Meridian Home Loans,Pier Asset Mgmt,0.07286,0.008
L101100,360603.67,306438.17,7.71,659,63.5,45.9,44,136,FL,SFR,Apex Funding,Pier Asset Mgmt,0.049999999999999996,0.01211
L101101,301020.82,287273.06,6.812,686,93.3,25.4,47,313,OH,SFR,Apex Funding,Northgate Servicing,0.06939999999999999,0.011023333333333333
L101102,299365.79,271438.91,5.716,758,86.5,40.6,25,155,GA,SFR,Coastal Mortgage Co,Pier Asset Mgmt,0.11349999999999999,0.008
L101103,291233.67,279274.57,6.543,773,72.4,44.3,41,319,AZ,SFR,Apex Funding,Summit Loan Servicing,0.08285,0.008
L101104,165368.54,158902.7,5.655,711,74.4,34.5,34,326,AZ,2-4 Unit,Coastal Mortgage Co,Northgate Servicing,0.12724999999999997,0.008
L101105,310287.05,300036.91,6.778,717,64.2,34.9,35,325,GA,SFR,Coastal Mortgage Co,Northgate Servicing,0.07110000000000002,0.008
L101106,151064.94,150551.81,6.864,757,84.7,39.3,4,356,GA,SFR,Meridian Home Loans,Pier Asset Mgmt,0.060906666666666665,0.008
L101107,183852.7,182334.83,5.17,722,69.4,38.8,7,353,FL,Multifamily,Meridian Home Loans,Summit Loan Servicing,0.08135,0.008
L101108,383175.26,378109.75,6.558,644,70.9,40.7,4,176,FL,SFR,Apex Funding,Northgate Servicing,0.05294666666666666,0.014003333333333333
L101109,325812.41,325197.74,6.294,670,81.3,40.5,2,358,TX,SFR,Apex Funding,Pier Asset Mgmt,0.06235333333333333,0.01243
L101110,408639.82,393297.34,6.89,728,71.7,28.1,40,320,FL,SFR,Meridian Home Loans,Summit Loan Servicing,0.06550000000000002,0.008
L101111,220778.22,219158.25,7.148,782,71.2,43.9,9,351,NC,Multifamily,Meridian Home Loans,Summit Loan Servicing,0.06,0.008
L101112,162220.68,162083.18,6.83,804,74.1,45.3,1,359,WA,SFR,Coastal Mortgage Co,Pier Asset Mgmt,0.06028333333333333,0.008
L101113,223205.24,212265.73,6.127,758,83.5,37.5,45,315,IL,SFR,Apex Funding,Pier Asset Mgmt,0.10365000000000002,0.008
L101114,251628.97,248764.74,7.24,731,93.8,24.0,14,346,NC,SFR,Apex Funding,Northgate Servicing,0.06,0.008
L101115,249607.77,238196.3,5.614,756,81.0,35.1,39,321,OH,SFR,Apex Funding,Summit Loan Servicing,0.12930000000000003,0.008
L101116,361055.93,339869.68,5.212,678,83.6,37.6,46,314,NC,SFR,Meridian Home Loans,Northgate Servicing,0.14940000000000003,0.011666666666666667
L101117,213962.35,205277.19,3.524,707,71.6,26.8,25,335,FL,SFR,Coastal Mortgage Co,Summit Loan Servicing,0.18500000000000003,0.008
L101118,274638.8,261983.82,6.337,670,65.5,33.1,44,316,FL,2-4 Unit,Highline Capital,Northgate Servicing,0.09315000000000001,0.010356666666666667
L101119,171781.83,162435.95,5.661,646,81.8,24.7,46,314,NC,Condo,Apex Funding,Summit Loan Servicing,0.11695000000000001,0.013826666666666668
L101120,284250.46,282510.84,6.758,733,76.1,40.9,7,353,FL,SFR,Highline Capital,Pier Asset Mgmt,0.06282333333333333,0.008
L101121,243065.93,240850.67,4.626,725,56.9,37.3,7,353,FL,SFR,Apex Funding,Pier Asset Mgmt,0.08769666666666666,0.008
L101122,186757.33,183146.07,5.818,753,70.1,22.8,18,342,GA,SFR,Highline Capital,Northgate Servicing,0.09546000000000002,0.008
L101123,223565.5,218044.98,6.823,745,73.0,38.8,27,333,NC,SFR,Apex Funding,Northgate Servicing,0.06796499999999998,0.008
L101124,227644.05,217575.05,5.473,728,67.9,35.5,37,323,FL,Condo,Apex Funding,Summit Loan Servicing,0.13635000000000003,0.008
L101125,220895.65,219151.0,6.768,746,91.8,40.1,9,351,CA,SFR,Apex Funding,Pier Asset Mgmt,0.06348,0.008
L101126,451336.94,435332.52,5.899,713,79.8,32.9,10,170,AZ,2-4 Unit,Coastal Mortgage Co,Summit Loan Servicing,0.07835,0.008
L101127,234578.11,231191.91,6.37,738,90.5,29.6,15,345,NY,SFR,Coastal Mortgage Co,Northgate Servicing,0.07575,0.008
L101128,222935.19,220444.2,6.936,675,77.2,29.8,13,347,NC,Condo,Meridian Home Loans,Pier Asset Mgmt,0.061386666666666666,0.010806666666666668
L101129,116528.62,111850.75,7.258,735,75.0,31.7,45,315,TX,2-4 Unit,Coastal Mortgage Co,Summit Loan Servicing,0.06,0.008
L101130,177553.53,174340.31,6.483,752,62.8,36.2,19,341,NY,Condo,Meridian Home Loans,Summit Loan Servicing,0.07637166666666667,0.008
L101131,221443.84,210846.43,5.667,678,74.1,37.2,41,319,NC,2-4 Unit,Coastal Mortgage Co,Pier Asset Mgmt,0.12665,0.01069
L101132,190985.27,190410.72,5.988,718,74.2,34.5,3,357,TX,2-4 Unit,Highline Capital,Northgate Servicing,0.06505999999999999,0.008
L101133,393799.69,392158.13,6.973,681,57.6,32.6,5,355,NY,SFR,Coastal Mortgage Co,Northgate Servicing,0.060225,0.008433333333333334
L101134,229182.01,218760.99,5.481,686,67.5,33.2,38,322,AZ,SFR,Apex Funding,Northgate Servicing,0.13595000000000002,0.008963333333333334
L101135,381152.75,376678.0,6.24,653,70.1,55.0,12,348,AZ,SFR,Coastal Mortgage Co,Pier Asset Mgmt,0.0652,0.013976666666666665
L101136,248102.35,247116.95,6.053,785,79.0,29.8,4,356,NY,2-4 Unit,Highline Capital,Northgate Servicing,0.06631333333333334,0.008
L101137,245985.96,239042.01,6.307,774,79.5,31.5,28,332,TX,SFR,Meridian Home Loans,Northgate Servicing,0.09233999999999998,0.008
L101138,235371.7,233540.6,5.492,745,67.0,55.0,7,353,CA,Multifamily,Highline Capital,Northgate Servicing,0.07759333333333333,0.008
L101139,243124.44,240323.29,4.733,820,79.6,39.4,3,177,GA,SFR,Apex Funding,Pier Asset Mgmt,0.071335,0.008
L101140,443112.18,435238.42,6.869,705,71.8,25.0,20,340,NC,Condo,Highline Capital,Northgate Servicing,0.06436666666666667,0.008
L101141,107811.14,105459.03,7.268,820,39.6,42.7,26,334,GA,SFR,Meridian Home Loans,Summit Loan Servicing,0.06,0.008
L101142,120506.5,108467.12,4.787,702,68.2,28.7,25,155,IL,Multifamily,Highline Capital,Northgate Servicing,0.15220833333333333,0.008
L101143,200764.97,195521.58,6.732,729,86.9,43.3,28,332,CA,SFR,Highline Capital,Pier Asset Mgmt,0.07250666666666665,0.008
L101144,244039.35,243666.82,7.375,693,53.8,34.3,2,358,FL,SFR,Coastal Mortgage Co,Summit Loan Servicing,0.06,0.008
L101145,309135.99,305405.26,6.936,735,75.4,32.5,14,346,CA,2-4 Unit,Apex Funding,Summit Loan Servicing,0.06149333333333333,0.008
L101146,286524.84,281500.16,6.025,761,93.0,48.9,17,343,IL,SFR,Apex Funding,Pier Asset Mgmt,0.087625,0.008
L101147,212248.69,208928.64,5.551,709,64.9,40.5,14,346,NY,SFR,Meridian Home Loans,Pier Asset Mgmt,0.09381,0.008
L101148,346856.11,337720.87,6.473,813,74.0,43.8,27,333,CA,2-4 Unit,Apex Funding,Summit Loan Servicing,0.08371500000000001,0.008
L101149,348212.56,344736.97,6.623,728,58.4,39.5,11,349,NC,2-4 Unit,Apex Funding,Summit Loan Servicing,0.06691166666666666,0.008
L101150,258957.76,251334.79,6.486,730,93.5,32.4,30,330,NY,SFR,Meridian Home Loans,Pier Asset Mgmt,0.08570000000000001,0.008
L101151,340077.96,324134.52,6.238,665,73.0,40.9,44,316,WA,SFR,Coastal Mortgage Co,Pier Asset Mgmt,0.09809999999999998,0.012126666666666668
L101152,267112.67,256929.87,5.426,738,74.6,45.7,32,328,IL,SFR,Apex Funding,Pier Asset Mgmt,0.1387,0.008
L101153,199482.33,196067.83,6.78,708,90.3,37.1,19,341,CA,SFR,Highline Capital,Pier Asset Mgmt,0.06696666666666666,0.009303333333333334
L101154,309971.58,304122.11,6.824,682,81.9,50.4,21,339,AZ,SFR,Meridian Home Loans,Northgate Servicing,0.06616,0.01195
L101155,252385.91,245608.83,6.581,672,63.5,42.8,28,332,AZ,SFR,Highline Capital,Pier Asset Mgmt,0.07955333333333331,0.010603333333333334
L101156,242915.51,234477.73,6.5,820,66.2,37.7,35,325,WA,SFR,Highline Capital,Northgate Servicing,0.08499999999999999,0.008
L101157,406579.09,402214.6,7.911,701,79.9,38.0,15,345,NC,SFR,Highline Capital,Northgate Servicing,0.06,0.009023333333333335
L101158,102970.18,102758.22,5.838,635,66.5,37.1,2,358,NY,2-4 Unit,Meridian Home Loans,Northgate Servicing,0.053873333333333336,0.014223333333333334
L101159,147828.86,131039.82,7.553,677,48.6,26.0,34,146,NC,SFR,Apex Funding,Northgate Servicing,0.06,0.008
L101160,160255.6,140823.73,5.739,712,73.4,35.3,32,148,AZ,SFR,Coastal Mortgage Co,Northgate Servicing,0.12305,0.008
L101161,213813.36,212993.57,7.398,745,56.2,37.8,5,355,GA,Multifamily,Highline Capital,Pier Asset Mgmt,0.06,0.008
L101162,222100.92,216690.74,7.51,746,93.4,32.7,30,330,AZ,2-4 Unit,Apex Funding,Pier Asset Mgmt,0.06,0.008
L101163,143262.81,142702.73,6.136,752,76.1,38.7,4,356,WA,SFR,Apex Funding,Northgate Servicing,0.06576,0.008
L101164,171990.53,154801.78,7.895,680,63.1,36.2,31,149,AZ,Multifamily,Meridian Home Loans,Summit Loan Servicing,0.06,0.009323333333333335
L101165,179639.15,173752.11,6.822,734,65.6,42.2,35,325,GA,SFR,Highline Capital,Northgate Servicing,0.06889999999999999,0.008
L101166,573835.72,573220.51,5.61,667,51.3,41.3,1,359,IL,SFR,Coastal Mortgage Co,Summit Loan Servicing,0.062316666666666666,0.009783333333333333
L101167,456164.92,439034.58,6.063,681,60.8,37.3,35,325,OH,SFR,Meridian Home Loans,Summit Loan Servicing,0.10685000000000001,0.009066666666666667
L101168,210215.34,209249.16,7.419,665,86.2,25.1,6,354,OH,SFR,Highline Capital,Pier Asset Mgmt,0.06,0.012393333333333333
L101169,213789.22,211532.48,7.231,650,97.0,50.3,13,347,FL,Condo,Highline Capital,Northgate Servicing,0.049999999999999996,0.016653333333333332
L101170,162393.65,155810.72,5.448,774,82.7,34.9,34,326,CA,SFR,Coastal Mortgage Co,Pier Asset Mgmt,0.1376,0.008
L101171,124511.62,122427.04,6.275,753,72.9,35.4,17,343,OH,2-4 Unit,Apex Funding,Northgate Servicing,0.08054166666666665,0.008
L101172,233069.49,222254.95,6.583,769,68.8,33.3,46,314,FL,SFR,Apex Funding,Northgate Servicing,0.08084999999999999,0.008
L101173,171228.09,162565.32,5.943,717,62.5,32.1,45,315,WA,SFR,Coastal Mortgage Co,Northgate Servicing,0.11285000000000002,0.008
L101174,235696.99,227799.28,8.522,758,97.0,48.4,47,313,CA,SFR,Apex Funding,Pier Asset Mgmt,0.06,0.008
L101175,138680.49,138060.13,6.61,618,71.7,47.1,5,355,WA,SFR,Highline Capital,Summit Loan Servicing,0.05325,0.01711
L101176,185964.1,184371.23,6.344,762,97.0,39.6,9,351,NC,Multifamily,Highline Capital,Northgate Servicing,0.06984,0.008
L101177,255766.32,254004.96,7.472,725,90.7,35.1,9,351,NY,Condo,Apex Funding,Northgate Servicing,0.06,0.008
L101178,276004.75,267873.43,6.071,749,53.1,41.0,28,332,CA,Condo,Coastal Mortgage Co,Northgate Servicing,0.10335333333333335,0.008
L101179,281001.47,276161.87,7.307,736,66.0,36.6,21,339,OH,Condo,Highline Capital,Pier Asset Mgmt,0.06,0.008
L101180,152944.27,145699.45,4.899,661,66.0,34.5,36,324,TX,SFR,Highline Capital,Summit Loan Servicing,0.16505,0.0114
L101181,327466.16,322743.89,5.992,633,73.0,38.7,14,346,CA,SFR,Meridian Home Loans,Northgate Servicing,0.07352,0.01518
L101182,183491.92,182047.71,7.344,676,73.3,32.5,10,350,AZ,SFR,Coastal Mortgage Co,Northgate Servicing,0.06,0.010496666666666666
L101183,303003.69,272533.41,7.813,746,97.0,38.0,31,149,NC,2-4 Unit,Apex Funding,Pier Asset Mgmt,0.06,0.008
L101184,241899.22,233705.2,5.704,753,61.1,37.6,30,330,TX,SFR,Apex Funding,Summit Loan Servicing,0.12480000000000001,0.008
L101185,149981.07,144247.05,5.599,640,76.7,40.8,33,327,NY,SFR,Apex Funding,Summit Loan Servicing,0.12005,0.01499
L101186,217364.47,214532.17,6.911,661,81.4,31.0,15,345,NC,Condo,Apex Funding,Summit Loan Servicing,0.06222500000000001,0.012706666666666668
L101187,275923.05,268412.47,5.839,675,74.0,41.7,25,335,NC,SFR,Meridian Home Loans,Northgate Servicing,0.10837499999999999,0.01128
L101188,300901.39,286596.9,6.158,695,75.3,28.7,44,316,NY,SFR,Meridian Home Loans,Summit Loan Servicing,0.10209999999999998,0.008543333333333333
L101189,231111.19,208468.85,7.189,640,61.5,31.4,29,151,IL,SFR,Highline Capital,Northgate Servicing,0.049999999999999996,0.012843333333333333
L101190,415036.86,394441.64,5.91,637,75.3,31.8,44,316,CA,SFR,Apex Funding,Summit Loan Servicing,0.1045,0.01455
L101191,345458.84,316364.32,4.631,670,80.1,27.4,21,159,CA,SFR,Apex Funding,Northgate Servicing,0.142915,0.011436666666666666
L101192,221941.93,221171.86,5.229,720,77.9,44.1,3,357,WA,2-4 Unit,Coastal Mortgage Co,Northgate Servicing,0.068855,0.008
L101193,315698.41,304201.87,6.409,650,80.8,28.2,36,324,FL,Condo,Coastal Mortgage Co,Pier Asset Mgmt,0.07955000000000001,0.01356
L101194,477742.77,463889.85,4.723,709,91.0,30.4,22,338,WA,SFR,Coastal Mortgage Co,Summit Loan Servicing,0.14349,0.008826666666666667
L101195,482226.7,481288.36,6.133,773,85.2,46.0,2,358,CA,Condo,Apex Funding,Summit Loan Servicing,0.06289,0.008
L101196,157976.26,156666.51,5.147,643,74.9,31.4,7,353,WA,Condo,Apex Funding,Summit Loan Servicing,0.07161833333333334,0.013883333333333334
L101197,175556.01,173658.47,7.876,704,59.9,34.5,15,345,IL,Condo,Meridian Home Loans,Northgate Servicing,0.06,0.008
L101198,408285.34,397699.53,8.349,771,66.8,27.9,9,171,OH,Multifamily,Coastal Mortgage Co,Pier Asset Mgmt,0.06,0.008
L101199,167644.62,161064.0,5.448,692,71.4,42.7,33,327,OH,2-4 Unit,Highline Capital,Summit Loan Servicing,0.1376,0.009386666666666668
L101200,152834.45,148610.86,6.631,683,77.0,42.8,29,331,NY,SFR,Apex Funding,Summit Loan Servicing,0.07783499999999999,0.010853333333333333
L101201,204808.78,201120.25,5.536,779,68.3,41.9,16,344,AZ,SFR,Highline Capital,Northgate Servicing,0.09904000000000002,0.008
L101202,281272.53,277414.5,6.122,698,62.8,40.3,4,176,NY,SFR,Apex Funding,Pier Asset Mgmt,0.06585333333333333,0.008
L101203,234253.97,231524.42,8.023,776,59.7,36.6,4,176,AZ,SFR,Coastal Mortgage Co,Pier Asset Mgmt,0.06,0.008
L101204,193358.79,183638.47,5.98,739,54.2,31.8,45,315,WA,Multifamily,Highline Capital,Northgate Servicing,0.11099999999999999,0.008
L101205,191764.94,188474.67,6.143,696,71.2,29.5,17,343,OH,SFR,Apex Funding,Summit Loan Servicing,0.08428166666666667,0.008086666666666667
L101206,189223.1,187978.2,5.552,741,56.4,46.3,6,354,AZ,SFR,Meridian Home Loans,Northgate Servicing,0.07448,0.008
L101207,178469.26,173405.44,7.432,733,62.0,42.1,34,326,NY,Multifamily,Coastal Mortgage Co,Northgate Servicing,0.06,0.008
L101208,539593.58,502666.11,3.5,771,69.3,30.5,41,319,TX,Condo,Apex Funding,Northgate Servicing,0.21000000000000002,0.008
L101209,269447.51,267818.15,6.001,685,58.0,36.3,6,354,GA,SFR,Coastal Mortgage Co,Northgate Servicing,0.06999,0.00832
L101210,331162.9,315573.73,6.359,717,78.6,33.6,45,315,TX,2-4 Unit,Coastal Mortgage Co,Northgate Servicing,0.09204999999999999,0.008
L101211,204602.2,196561.13,5.805,712,82.9,27.0,35,325,GA,SFR,Highline Capital,Pier Asset Mgmt,0.11975000000000002,0.008
L101212,227502.19,225268.9,7.177,754,67.4,37.4,12,348,OH,SFR,Coastal Mortgage Co,Summit Loan Servicing,0.06,0.008
L101213,189142.52,183300.14,7.482,659,68.8,32.7,37,323,TX,SFR,Coastal Mortgage Co,Summit Loan Servicing,0.049999999999999996,0.01176
L101214,95980.67,93634.82,5.129,771,80.4,28.4,20,340,WA,Multifamily,Meridian Home Loans,Summit Loan Servicing,0.12236666666666668,0.008
L101215,149895.96,146744.02,8.284,741,65.4,24.2,30,330,GA,SFR,Coastal Mortgage Co,Northgate Servicing,0.06,0.008
L101216,128834.44,127916.15,5.119,643,64.6,23.5,6,354,CA,SFR,Highline Capital,Northgate Servicing,0.06881000000000001,0.012326666666666666
L101217,110478.44,109471.9,7.56,781,88.4,33.0,12,348,AZ,Condo,Coastal Mortgage Co,Pier Asset Mgmt,0.06,0.008
L101218,159791.38,153927.83,6.535,820,84.6,35.3,37,323,CA,2-4 Unit,Coastal Mortgage Co,Northgate Servicing,0.08324999999999999,0.008
L101219,386054.75,369865.31,5.947,770,81.2,29.0,38,322,NC,SFR,Apex Funding,Northgate Servicing,0.11265,0.008
L101220,239054.62,238818.09,6.032,793,85.1,41.2,1,359,GA,SFR,Highline Capital,Pier Asset Mgmt,0.06161333333333333,0.008
L101221,381435.6,377440.8,6.37,720,50.3,35.5,11,349,AZ,Multifamily,Highline Capital,Pier Asset Mgmt,0.07154999999999999,0.008
L101222,280363.96,272554.84,6.588,624,90.2,40.6,29,331,NY,Condo,Coastal Mortgage Co,Pier Asset Mgmt,0.06991333333333334,0.017926666666666667
L101223,319302.94,302935.26,5.572,614,78.7,34.5,43,317,TX,SFR,Meridian Home Loans,Northgate Servicing,0.12140000000000002,0.017370000000000003
L101224,177138.3,171237.97,6.189,729,86.1,29.7,32,328,NY,SFR,Apex Funding,Summit Loan Servicing,0.10055,0.008
L101225,291671.32,253821.51,5.706,682,78.6,36.9,34,146,AZ,SFR,Coastal Mortgage Co,Pier Asset Mgmt,0.12469999999999998,0.01072
L101226,313341.83,306308.19,5.306,665,74.6,25.9,19,341,WA,Condo,Coastal Mortgage Co,Northgate Servicing,0.11364333333333332,0.011286666666666665
L101227,198426.38,197791.68,5.664,712,70.7,40.3,3,357,FL,SFR,Meridian Home Loans,Summit Loan Servicing,0.06668,0.008
L101228,295327.19,253572.3,5.365,749,78.4,28.5,36,144,NY,Condo,Highline Capital,Northgate Servicing,0.14175,0.008
L101229,296015.09,253598.73,6.022,635,70.3,43.3,38,142,OH,SFR,Meridian Home Loans,Summit Loan Servicing,0.0989,0.015016666666666668
L101230,200317.04,196511.94,6.789,690,84.4,33.3,21,339,NY,2-4 Unit,Coastal Mortgage Co,Pier Asset Mgmt,0.06738500000000001,0.01026
L101231,163903.16,160122.78,6.509,798,55.0,44.5,24,336,FL,SFR,Coastal Mortgage Co,Northgate Servicing,0.07963999999999999,0.008
L101232,160420.71,159126.97,8.177,656,67.5,27.0,12,348,OH,2-4 Unit,Meridian Home Loans,Pier Asset Mgmt,0.049999999999999996,0.01155
L101233,250265.33,227778.9,4.411,763,97.0,30.6,22,158,IL,SFR,Highline Capital,Northgate Servicing,0.15493,0.008
L101234,272243.85,269382.13,6.822,688,66.5,39.0,12,348,GA,SFR,Apex Funding,Summit Loan Servicing,0.06355999999999999,0.00905
L101235,183986.19,180420.99,6.406,745,71.1,45.4,20,340,IL,SFR,Apex Funding,Northgate Servicing,0.07980000000000001,0.008
L101236,245071.4,243677.32,7.134,775,63.4,49.3,7,353,NC,SFR,Meridian Home Loans,Northgate Servicing,0.06,0.008
L101237,296466.04,288875.44,7.045,756,78.0,36.3,29,331,FL,SFR,Meridian Home Loans,Summit Loan Servicing,0.06,0.008
L101238,301452.2,297921.13,6.252,765,65.2,50.7,12,348,AZ,Condo,Meridian Home Loans,Pier Asset Mgmt,0.07496,0.008
L101239,417967.12,365267.54,6.555,652,71.8,33.7,35,145,NY,2-4 Unit,Apex Funding,Summit Loan Servicing,0.07225000000000002,0.012826666666666667
L101240,379626.55,369088.7,5.73,776,84.2,44.8,25,335,GA,SFR,Apex Funding,Pier Asset Mgmt,0.11291666666666667,0.008
L101241,171022.09,164134.29,6.952,668,65.6,28.5,43,317,TX,SFR,Highline Capital,Pier Asset Mgmt,0.0624,0.01026
L101242,437685.18,431461.0,4.709,729,83.5,39.4,11,349,CA,SFR,Highline Capital,Summit Loan Servicing,0.10200166666666667,0.008
L101243,201623.67,199440.36,7.099,729,83.9,17.3,13,347,GA,2-4 Unit,Coastal Mortgage Co,Summit Loan Servicing,0.06,0.008
L101244,350005.97,346003.19,6.379,742,86.7,27.0,12,348,TX,SFR,Meridian Home Loans,Summit Loan Servicing,0.07242000000000001,0.008
L101245,248648.45,240603.67,5.962,734,75.7,39.7,30,330,WA,SFR,Meridian Home Loans,Pier Asset Mgmt,0.11190000000000001,0.008
L101246,210185.91,208959.92,6.191,669,97.0,25.5,6,354,WA,SFR,Highline Capital,Summit Loan Servicing,0.06809,0.0131
L101247,128966.26,124578.26,6.257,641,86.7,39.4,33,327,NY,SFR,Highline Capital,Northgate Servicing,0.08715000000000002,0.015796666666666667
L101248,228651.07,198407.56,7.568,763,77.9,43.3,39,141,FL,SFR,Apex Funding,Northgate Servicing,0.06,0.008
L101249,140676.17,138071.72,9.31,725,63.5,32.0,32,328,GA,SFR,Meridian Home Loans,Summit Loan Servicing,0.06,0.008
L101250,340630.89,338827.07,7.498,778,72.8,28.2,7,353,FL,SFR,Highline Capital,Pier Asset Mgmt,0.06,0.008
L101251,412865.61,402204.32,5.891,713,91.1,32.2,24,336,OH,2-4 Unit,Highline Capital,Pier Asset Mgmt,0.10436000000000001,0.008556666666666666
L101252,183704.02,179463.64,6.967,638,94.5,28.3,26,334,TX,SFR,Meridian Home Loans,Summit Loan Servicing,0.05143000000000001,0.016136666666666667
L101253,269868.41,265442.36,7.006,768,91.7,35.2,19,341,IL,SFR,Highline Capital,Pier Asset Mgmt,0.06,0.008
L101254,188360.5,183656.54,5.567,695,83.4,36.8,22,338,TX,SFR,Apex Funding,Pier Asset Mgmt,0.11254333333333333,0.009893333333333334
L101255,194858.78,186187.04,5.265,734,58.9,33.6,36,324,OH,2-4 Unit,Highline Capital,Pier Asset Mgmt,0.14675000000000002,0.008
L101256,318403.0,271183.08,6.343,679,79.8,49.4,40,140,TX,Condo,Apex Funding,Summit Loan Servicing,0.09285,0.011973333333333332
L101257,239548.6,236553.75,7.127,805,59.1,30.2,15,345,IL,SFR,Meridian Home Loans,Summit Loan Servicing,0.06,0.008
L101258,446358.1,437422.56,4.949,667,56.2,47.1,16,344,OH,2-4 Unit,Apex Funding,Summit Loan Servicing,0.11469333333333334,0.01066
L101259,205092.96,202905.31,5.751,696,76.9,27.7,10,350,IL,SFR,Meridian Home Loans,Northgate Servicing,0.08081666666666666,0.008536666666666668
L101260,344471.87,338724.01,6.915,721,80.3,36.6,19,341,TX,SFR,Coastal Mortgage Co,Pier Asset Mgmt,0.06269166666666666,0.008
L101261,251222.6,244827.74,6.438,655,84.8,45.5,26,334,TX,Condo,Highline Capital,Pier Asset Mgmt,0.07435333333333334,0.014613333333333332
L101262,320783.69,312084.85,7.675,733,80.0,45.1,34,326,NC,Condo,Highline Capital,Pier Asset Mgmt,0.06,0.008
L101263,207626.24,204377.8,5.13,804,80.4,32.6,13,347,TX,SFR,Coastal Mortgage Co,Northgate Servicing,0.10051666666666667,0.008
L101264,238626.39,236984.34,8.517,688,62.2,40.4,11,349,NY,SFR,Coastal Mortgage Co,Northgate Servicing,0.06,0.008713333333333333
L101265,233182.2,232622.33,5.016,737,72.7,39.4,2,358,NC,SFR,Coastal Mortgage Co,Summit Loan Servicing,0.06661333333333333,0.008
L101266,181204.23,180018.07,4.574,580,55.9,31.7,5,355,NY,SFR,Meridian Home Loans,Summit Loan Servicing,0.07021666666666666,0.01830333333333333
L101267,306118.8,303037.07,6.347,713,50.0,40.9,3,177,OH,Multifamily,Apex Funding,Summit Loan Servicing,0.063265,0.008
L101268,304853.66,301370.52,5.379,698,82.9,50.9,10,350,NC,SFR,Coastal Mortgage Co,Summit Loan Servicing,0.08701666666666667,0.010483333333333334
L101269,298864.07,288890.68,6.365,670,65.0,39.8,33,327,TX,Multifamily,Meridian Home Loans,Pier Asset Mgmt,0.09175,0.010753333333333333
L101270,415790.99,399976.13,6.334,774,84.5,40.5,37,323,OH,SFR,Apex Funding,Northgate Servicing,0.09330000000000002,0.008
L101271,403233.34,332771.04,6.224,697,87.3,41.4,46,134,WA,Condo,Apex Funding,Pier Asset Mgmt,0.0988,0.01039
L101272,212940.78,206680.79,5.642,705,66.6,24.3,26,334,FL,Multifamily,Apex Funding,Summit Loan Servicing,0.11884666666666666,0.008
L101273,276666.56,271145.05,6.789,694,81.1,39.7,22,338,NY,Condo,Highline Capital,Pier Asset Mgmt,0.06773666666666668,0.009956666666666666
L101274,195192.15,186078.35,6.114,610,66.1,27.9,43,317,NY,SFR,Apex Funding,Pier Asset Mgmt,0.09430000000000001,0.01607
L101275,244794.5,243471.03,7.393,653,51.8,31.3,7,353,IL,SFR,Apex Funding,Pier Asset Mgmt,0.049999999999999996,0.010566666666666665
L101276,196828.43,175357.84,6.238,768,75.5,53.3,30,150,IL,SFR,Meridian Home Loans,Northgate Servicing,0.09809999999999998,0.008
L101277,428062.55,408214.02,5.532,599,68.3,34.0,39,321,OH,SFR,Coastal Mortgage Co,Northgate Servicing,0.12340000000000002,0.01779666666666667
L101278,275762.25,267241.68,4.881,673,68.7,30.1,24,336,NC,Multifamily,Coastal Mortgage Co,Northgate Servicing,0.14476,0.010176666666666667
L101279,224962.68,222096.71,6.245,693,97.0,45.2,13,347,OH,SFR,Highline Capital,Northgate Servicing,0.07635833333333333,0.012013333333333334
L101280,368710.29,355202.67,5.258,811,55.7,28.4,30,330,NY,SFR,Coastal Mortgage Co,Summit Loan Servicing,0.1471,0.008
L101281,113582.49,106726.73,5.185,757,78.6,32.4,47,313,GA,SFR,Apex Funding,Summit Loan Servicing,0.15075000000000002,0.008
L101282,119978.05,118729.65,6.875,684,62.1,46.0,12,348,TX,SFR,Apex Funding,Northgate Servicing,0.0625,0.009476666666666666
L101283,320790.5,309412.15,4.8,787,84.9,36.3,27,333,FL,SFR,Meridian Home Loans,Summit Loan Servicing,0.15900000000000003,0.008
L101284,247995.02,245767.44,7.671,674,77.6,23.5,3,177,GA,SFR,Highline Capital,Summit Loan Servicing,0.06,0.010526666666666667
L101285,265045.35,262359.72,6.544,771,78.6,40.4,11,349,TX,Condo,Apex Funding,Summit Loan Servicing,0.06836,0.008
L101286,152628.38,146850.9,6.361,640,62.7,32.8,37,323,WA,SFR,Meridian Home Loans,Northgate Servicing,0.08195000000000001,0.013056666666666668
L101287,240835.21,234126.7,5.469,774,64.8,48.3,24,336,FL,SFR,Meridian Home Loans,Pier Asset Mgmt,0.12123999999999999,0.008
L101288,489543.35,485493.28,7.088,693,85.1,31.2,10,350,TX,SFR,Highline Capital,Northgate Servicing,0.06,0.00989
L101289,323990.63,319013.78,6.397,658,95.2,44.4,16,344,AZ,SFR,Coastal Mortgage Co,Summit Loan Servicing,0.06608,0.015279999999999998
L101290,257660.29,256036.84,5.783,703,79.8,50.2,6,354,CA,SFR,Meridian Home Loans,Northgate Servicing,0.07217,0.009626666666666667
L101291,208215.97,200636.86,6.58,730,63.2,29.2,37,323,NY,Condo,Apex Funding,Northgate Servicing,0.08099999999999999,0.008
L101292,211482.92,198693.06,4.885,688,78.1,34.5,45,315,TX,SFR,Meridian Home Loans,Northgate Servicing,0.16575,0.00991
L101293,115240.99,113054.37,4.928,745,97.0,39.1,5,175,NC,Condo,Meridian Home Loans,Northgate Servicing,0.07726666666666666,0.008
L101294,265713.56,262062.64,5.392,683,75.2,29.1,12,348,OH,SFR,Highline Capital,Northgate Servicing,0.09215999999999999,0.009760000000000001
L101295,326413.12,313413.35,6.715,749,91.5,38.2,41,319,TX,SFR,Meridian Home Loans,Summit Loan Servicing,0.07425000000000001,0.008
L101296,139879.03,133824.34,6.397,739,65.1,34.2,42,318,IL,Multifamily,Highline Capital,Pier Asset Mgmt,0.09014999999999998,0.008
L101297,192625.68,186522.5,7.344,712,73.5,34.0,37,323,IL,Multifamily,Apex Funding,Northgate Servicing,0.06,0.008
L101298,161924.81,155501.11,5.572,691,81.4,36.4,34,326,NC,SFR,Coastal Mortgage Co,Summit Loan Servicing,0.13140000000000002,0.010066666666666668
L101299,173186.98,166534.55,6.917,723,78.8,36.6,41,319,NY,Multifamily,Coastal Mortgage Co,Summit Loan Servicing,0.06415000000000001,0.008
L101300,247389.32,243011.0,6.298,745,64.8,37.3,18,342,GA,Condo,Coastal Mortgage Co,Pier Asset Mgmt,0.08106,0.008
L101301,117062.03,111039.83,5.551,820,64.3,31.2,43,317,GA,SFR,Apex Funding,Northgate Servicing,0.13245,0.008
L101302,301038.86,288791.57,6.747,767,85.9,31.6,42,318,CA,SFR,Highline Capital,Summit Loan Servicing,0.07265,0.008
L101303,316111.18,312782.3,6.341,769,88.3,35.1,11,349,GA,SFR,Coastal Mortgage Co,Northgate Servicing,0.07208166666666666,0.008
L101304,222373.59,221452.92,5.834,820,92.1,35.6,4,356,GA,SFR,Apex Funding,Northgate Servicing,0.06777333333333334,0.008
L101305,101900.49,99413.19,6.438,743,95.6,32.5,25,335,WA,Multifamily,Apex Funding,Pier Asset Mgmt,0.08341666666666668,0.008
L101306,171314.01,164933.56,6.283,742,75.6,38.6,36,324,GA,SFR,Meridian Home Loans,Northgate Servicing,0.09584999999999999,0.008
L101307,373814.77,358119.63,6.262,754,70.3,21.5,40,320,OH,SFR,Highline Capital,Pier Asset Mgmt,0.09690000000000001,0.008
L101308,91830.71,89592.29,6.029,660,90.2,30.2,7,173,NY,SFR,Highline Capital,Northgate Servicing,0.07132833333333333,0.013633333333333334
L101309,214994.3,210366.53,5.226,691,82.6,33.8,18,342,NC,SFR,Meridian Home Loans,Pier Asset Mgmt,0.11321999999999999,0.010013333333333332
L101310,160652.63,154685.32,6.467,687,62.2,29.2,37,323,WA,2-4 Unit,Coastal Mortgage Co,Summit Loan Servicing,0.08665000000000002,0.008066666666666666
L101311,321772.36,320745.82,5.678,751,61.6,49.0,3,357,TX,SFR,Highline Capital,Northgate Servicing,0.06661,0.008
L101312,191704.45,183979.15,5.482,705,79.9,36.2,34,326,GA,SFR,Highline Capital,Pier Asset Mgmt,0.1359,0.008503333333333335
L101313,279675.12,275783.05,6.183,723,71.9,37.4,14,346,WA,SFR,Meridian Home Loans,Summit Loan Servicing,0.07906333333333333,0.008
L101314,295939.74,294076.81,7.061,775,73.7,32.1,2,178,GA,Condo,Highline Capital,Northgate Servicing,0.06,0.008
L101315,461703.89,456608.57,6.567,762,86.9,35.9,12,348,OH,Condo,Coastal Mortgage Co,Northgate Servicing,0.06866,0.008
L101316,226153.74,217446.74,5.922,706,83.1,26.3,35,325,IL,Condo,Coastal Mortgage Co,Pier Asset Mgmt,0.11390000000000002,0.008063333333333334
L101317,276956.44,264194.44,5.886,678,90.0,34.6,41,319,OH,SFR,Coastal Mortgage Co,Pier Asset Mgmt,0.1157,0.012106666666666668
L101318,144383.84,143903.65,6.972,777,50.8,28.5,4,356,NC,SFR,Apex Funding,Summit Loan Servicing,0.06018666666666666,0.008
L101319,368296.92,356694.82,4.243,758,77.0,33.8,22,338,IL,Condo,Meridian Home Loans,Summit Loan Servicing,0.16109,0.008
L101320,186059.52,184529.16,7.118,627,82.3,15.5,10,350,FL,Condo,Apex Funding,Pier Asset Mgmt,0.049999999999999996,0.015163333333333334
L101321,199533.22,190646.51,4.713,698,55.7,27.0,33,327,TX,SFR,Meridian Home Loans,Summit Loan Servicing,0.17435,0.008
L101322,240918.33,205249.69,5.126,724,66.1,47.7,37,143,FL,2-4 Unit,Meridian Home Loans,Northgate Servicing,0.1537,0.008
L101323,140503.89,133211.41,5.937,758,63.9,42.6,46,314,AZ,SFR,Highline Capital,Pier Asset Mgmt,0.11314999999999999,0.008
L101324,263042.14,260089.13,8.353,765,74.3,46.6,17,343,IL,SFR,Coastal Mortgage Co,Pier Asset Mgmt,0.06,0.008
L101325,340650.8,336993.31,7.91,731,93.5,47.1,15,345,NY,Multifamily,Highline Capital,Pier Asset Mgmt,0.06,0.008
L101326,269016.19,265593.68,7.036,747,97.0,41.4,15,345,IL,SFR,Apex Funding,Summit Loan Servicing,0.06,0.008
L101327,139230.46,134436.72,6.721,719,64.2,32.4,36,324,NY,2-4 Unit,Highline Capital,Summit Loan Servicing,0.07394999999999999,0.008
L101328,232504.94,226083.46,4.724,678,80.3,27.7,21,339,OH,SFR,Meridian Home Loans,Summit Loan Servicing,0.13966,0.010676666666666666
L101329,314805.45,314239.26,6.541,701,80.7,45.2,2,358,NY,2-4 Unit,Highline Capital,Pier Asset Mgmt,0.061529999999999994,0.009583333333333334
L101330,125832.12,119425.41,5.906,716,78.7,36.5,45,315,IL,SFR,Highline Capital,Summit Loan Servicing,0.11470000000000002,0.008
L101331,166680.13,165787.5,5.665,713,78.8,55.0,5,355,GA,2-4 Unit,Coastal Mortgage Co,Northgate Servicing,0.071125,0.008846666666666666
L101332,329980.97,315305.26,6.539,611,77.6,33.1,44,316,NC,Condo,Meridian Home Loans,Pier Asset Mgmt,0.07305000000000002,0.017466666666666665
L101333,266874.4,264701.63,5.976,693,94.3,51.8,8,352,NY,SFR,Meridian Home Loans,Northgate Servicing,0.07365333333333333,0.012183333333333334
L101334,280461.03,274242.51,7.182,718,87.2,34.7,26,334,CA,SFR,Apex Funding,Pier Asset Mgmt,0.06,0.008
L101335,465479.43,456298.86,4.658,700,61.3,46.7,15,345,NC,SFR,Meridian Home Loans,Northgate Servicing,0.11854999999999999,0.008
L101336,286070.47,276699.54,6.468,701,83.5,49.6,33,327,GA,SFR,Meridian Home Loans,Northgate Servicing,0.0866,0.010156666666666668
L101337,305669.83,299173.15,5.609,742,84.7,27.8,19,341,NC,Multifamily,Apex Funding,Pier Asset Mgmt,0.10404833333333333,0.008
L101338,627037.07,615377.4,6.031,656,77.8,32.1,18,342,GA,SFR,Apex Funding,Northgate Servicing,0.07907000000000002,0.012920000000000001
L101339,225295.56,220479.18,6.674,625,87.6,27.7,23,337,GA,Condo,Highline Capital,Summit Loan Servicing,0.06249666666666665,0.01670666666666667
L101340,183641.55,173189.37,5.394,696,76.3,26.2,46,314,WA,SFR,Highline Capital,Northgate Servicing,0.14029999999999998,0.008376666666666666
L101341,282018.72,278895.13,6.548,757,76.4,41.3,12,348,CA,SFR,Coastal Mortgage Co,Pier Asset Mgmt,0.06903999999999999,0.008
L101342,283125.87,280069.12,6.209,808,75.5,34.4,11,349,CA,Multifamily,Coastal Mortgage Co,Pier Asset Mgmt,0.07450166666666667,0.008
L101343,201924.59,201083.99,5.805,758,49.8,36.4,4,356,WA,SFR,Meridian Home Loans,Summit Loan Servicing,0.06796666666666666,0.008
L101344,169170.28,162718.92,5.976,634,73.0,40.4,35,325,OH,SFR,Meridian Home Loans,Summit Loan Servicing,0.1012,0.015193333333333333
L101345,544947.94,527029.18,6.261,702,66.0,21.1,32,328,IL,SFR,Coastal Mortgage Co,Northgate Servicing,0.09695,0.008
L101346,272228.0,263343.5,5.709,729,59.8,46.3,29,331,GA,SFR,Highline Capital,Pier Asset Mgmt,0.12239833333333336,0.008
L101347,187906.56,187559.65,6.406,725,91.2,33.2,2,358,IL,SFR,Highline Capital,Northgate Servicing,0.06198,0.008
L101348,334561.37,321023.02,6.15,745,80.1,40.3,38,322,WA,Condo,Highline Capital,Northgate Servicing,0.10249999999999998,0.008
L101349,233701.33,223445.32,5.85,665,73.6,41.0,39,321,IL,SFR,Coastal Mortgage Co,Pier Asset Mgmt,0.11750000000000002,0.012193333333333334
L101350,222235.19,214194.43,7.831,719,67.2,47.0,45,315,AZ,2-4 Unit,Apex Funding,Northgate Servicing,0.06,0.008
L101351,295609.77,282997.5,6.774,738,77.6,35.2,44,316,NY,SFR,Apex Funding,Pier Asset Mgmt,0.0713,0.008
L101352,154483.29,147398.57,6.056,760,85.9,19.0,13,167,NY,SFR,Meridian Home Loans,Northgate Servicing,0.08045333333333334,0.008
L101353,274695.78,265504.03,6.531,671,64.1,36.5,34,326,NC,SFR,Coastal Mortgage Co,Pier Asset Mgmt,0.08345000000000001,0.010343333333333333
L101354,474271.01,463945.55,5.476,696,73.9,37.6,19,341,NY,SFR,Apex Funding,Summit Loan Servicing,0.10826,0.008896666666666667
L101355,285832.77,276987.5,6.007,580,84.4,27.7,29,331,CA,Condo,Coastal Mortgage Co,Pier Asset Mgmt,0.09799500000000001,0.02088666666666667
L101356,212846.34,209398.27,6.112,681,50.8,37.2,16,344,TX,SFR,Coastal Mortgage Co,Pier Asset Mgmt,0.08367999999999999,0.00806
L101357,203315.28,195628.15,5.278,686,73.3,33.1,31,329,OH,SFR,Coastal Mortgage Co,Summit Loan Servicing,0.1461,0.009536666666666667
L101358,210319.06,201074.07,6.749,659,68.8,25.3,45,315,NY,SFR,Meridian Home Loans,Summit Loan Servicing,0.06255000000000002,0.011266666666666668
L101359,222151.1,214682.55,5.945,724,72.4,41.4,31,329,TX,SFR,Highline Capital,Pier Asset Mgmt,0.11274999999999999,0.008
L101360,212727.59,202476.98,6.08,712,68.0,31.5,44,316,WA,SFR,Highline Capital,Summit Loan Servicing,0.106,0.008
L101361,334606.0,317938.96,5.888,591,75.7,32.7,44,316,WA,SFR,Highline Capital,Northgate Servicing,0.10560000000000001,0.01925
L101362,132372.71,131936.38,9.063,727,97.0,32.3,6,354,IL,SFR,Highline Capital,Summit Loan Servicing,0.06,0.008
L101363,328305.55,310873.52,5.804,664,70.1,45.9,46,314,NC,SFR,Coastal Mortgage Co,Northgate Servicing,0.11979999999999999,0.01227
L101364,212587.66,200928.2,4.538,742,77.5,35.7,39,321,AZ,Condo,Meridian Home Loans,Pier Asset Mgmt,0.18309999999999998,0.008
L101365,277044.03,269702.8,4.96,644,97.0,36.6,21,339,CA,Condo,Coastal Mortgage Co,Northgate Servicing,0.12140000000000002,0.01634
L101366,163661.28,159500.44,7.083,717,67.4,32.5,29,331,FL,SFR,Highline Capital,Summit Loan Servicing,0.06,0.008
L101367,386551.69,377298.95,7.603,699,95.8,39.7,30,330,GA,SFR,Meridian Home Loans,Northgate Servicing,0.06,0.010926666666666666
L101368,375484.41,359754.49,5.786,732,74.1,46.8,37,323,GA,Condo,Apex Funding,Summit Loan Servicing,0.12070000000000003,0.008
L101369,339713.09,329037.98,7.551,722,95.4,41.2,38,322,NY,SFR,Meridian Home Loans,Northgate Servicing,0.06,0.008686666666666667
L101370,142890.78,142306.0,7.067,701,83.0,41.5,5,355,CA,SFR,Coastal Mortgage Co,Summit Loan Servicing,0.06,0.009566666666666668
L101371,324549.18,324239.99,6.229,631,77.7,40.8,1,359,WA,SFR,Meridian Home Loans,Northgate Servicing,0.051285,0.01599
L101372,279763.33,276432.91,6.166,634,73.2,25.0,12,348,NC,SFR,Meridian Home Loans,Summit Loan Servicing,0.06668,0.014186666666666667
L101373,138434.85,135132.68,6.563,683,66.5,29.0,25,335,AZ,SFR,Meridian Home Loans,Summit Loan Servicing,0.07820833333333335,0.008883333333333333
L101374,240745.57,232183.79,7.19,715,74.9,34.4,40,320,IL,SFR,Apex Funding,Summit Loan Servicing,0.06,0.008
L101375,275842.98,267836.0,6.758,682,84.8,30.2,31,329,GA,SFR,Apex Funding,Pier Asset Mgmt,0.0721,0.010893333333333333
L101376,294969.24,292798.97,5.791,749,73.8,27.5,7,353,IL,SFR,Coastal Mortgage Co,Pier Asset Mgmt,0.07410499999999999,0.008
L101377,258342.49,249239.18,6.243,700,70.2,21.0,34,326,IL,SFR,Highline Capital,Pier Asset Mgmt,0.09784999999999999,0.008
L101378,268855.95,249889.87,8.183,662,71.0,25.2,23,157,NC,SFR,Coastal Mortgage Co,Pier Asset Mgmt,0.06,0.01118
L101379,406672.71,399903.44,6.626,700,85.9,33.9,18,342,WA,SFR,Apex Funding,Northgate Servicing,0.07121999999999999,0.00945
L101380,372917.27,360745.47,7.182,727,88.7,35.4,37,323,AZ,SFR,Apex Funding,Summit Loan Servicing,0.06,0.008
L101381,89012.38,87927.83,6.886,733,66.0,29.7,14,346,NC,Condo,Apex Funding,Pier Asset Mgmt,0.06266,0.008
L101382,217270.09,211058.22,6.646,818,66.0,36.6,30,330,CA,Multifamily,Highline Capital,Pier Asset Mgmt,0.0777,0.008
L101383,229205.01,227298.53,6.498,678,78.6,32.5,9,351,GA,SFR,Highline Capital,Northgate Servicing,0.06752999999999999,0.010826666666666667
L101384,131500.44,129540.3,7.208,711,92.3,44.7,18,342,WA,SFR,Apex Funding,Summit Loan Servicing,0.06,0.00971
L101385,250938.73,244994.97,7.047,738,87.8,34.7,27,333,NY,SFR,Highline Capital,Northgate Servicing,0.06,0.008
L101386,375895.03,365132.26,6.638,714,59.0,41.6,30,330,GA,2-4 Unit,Apex Funding,Northgate Servicing,0.0781,0.008
L101387,165993.06,157564.2,5.776,687,70.8,37.6,44,316,NY,SFR,Coastal Mortgage Co,Pier Asset Mgmt,0.1212,0.009486666666666668
L101388,273140.15,269722.72,6.747,630,62.8,24.8,14,346,TX,SFR,Highline Capital,Summit Loan Servicing,0.05590333333333334,0.013533333333333333
L101389,176215.29,168305.89,6.34,687,70.8,35.3,43,317,AZ,Condo,Meridian Home Loans,Northgate Servicing,0.093,0.009333333333333332
L101390,191919.4,183889.73,6.123,656,93.3,26.1,39,321,NY,SFR,Coastal Mortgage Co,Pier Asset Mgmt,0.09385,0.014070000000000001
L101391,407211.41,403038.89,8.811,620,56.9,35.1,17,343,GA,SFR,Meridian Home Loans,Pier Asset Mgmt,0.049999999999999996,0.01463
L101392,200808.05,199102.5,5.015,671,54.6,30.0,7,353,GA,SFR,Highline Capital,Summit Loan Servicing,0.08315833333333333,0.00896
L101393,285436.36,282441.94,7.263,657,64.1,39.1,13,347,OH,SFR,Highline Capital,Northgate Servicing,0.049999999999999996,0.011916666666666666
L101394,126130.66,121642.1,5.624,747,77.4,25.3,31,329,WA,Condo,Highline Capital,Northgate Servicing,0.12880000000000003,0.008
L101395,465939.53,448276.84,6.518,748,81.4,36.1,38,322,GA,SFR,Meridian Home Loans,Northgate Servicing,0.08410000000000001,0.008
L101396,299817.24,294227.78,8.712,665,79.2,40.6,29,331,CA,SFR,Coastal Mortgage Co,Summit Loan Servicing,0.06,0.012726666666666667
L101397,227777.61,218391.71,5.534,701,88.1,43.3,35,325,GA,SFR,Coastal Mortgage Co,Summit Loan Servicing,0.13330000000000003,0.010196666666666666
L101398,296986.3,295420.71,5.749,613,52.8,29.9,5,355,OH,SFR,Meridian Home Loans,Summit Loan Servicing,0.060425,0.014573333333333334
L101399,148236.34,144737.65,6.384,688,88.3,36.1,24,336,IL,2-4 Unit,Apex Funding,Pier Asset Mgmt,0.08463999999999999,0.011036666666666667
L101400,367282.2,306969.37,5.638,737,70.3,37.5,42,138,GA,Condo,Meridian Home Loans,Northgate Servicing,0.1281,0.008
L101401,216772.85,213343.86,7.196,760,82.8,48.4,19,341,AZ,Multifamily,Apex Funding,Summit Loan Servicing,0.06,0.008
L101402,226064.51,188674.26,5.919,676,58.1,24.1,43,137,IL,Condo,Apex Funding,Pier Asset Mgmt,0.11405000000000001,0.008416666666666668
L101403,204417.66,203395.34,6.989,773,74.1,28.7,6,354,IL,SFR,Apex Funding,Northgate Servicing,0.06011,0.008
L101404,198148.5,186226.15,5.204,632,76.8,55.0,47,313,IL,SFR,Highline Capital,Northgate Servicing,0.1398,0.016746666666666667
L101405,309630.43,294203.07,4.774,646,87.9,33.8,37,323,OH,SFR,Highline Capital,Summit Loan Servicing,0.1613,0.015043333333333334
L101406,265552.38,257310.98,6.194,754,55.0,20.9,30,330,IL,SFR,Coastal Mortgage Co,Northgate Servicing,0.1003,0.008
L101407,305013.66,293303.93,4.988,807,74.4,31.3,30,330,NY,SFR,Apex Funding,Northgate Servicing,0.16059999999999997,0.008
L101408,242055.39,233192.85,7.766,742,61.0,13.8,45,315,GA,SFR,Highline Capital,Northgate Servicing,0.06,0.008
L101409,290575.85,284090.29,5.023,713,80.1,37.9,18,342,NC,SFR,Highline Capital,Northgate Servicing,0.11931,0.008
L101410,209693.65,207815.97,5.466,594,83.3,42.5,8,352,WA,2-4 Unit,Apex Funding,Northgate Servicing,0.07045333333333333,0.020363333333333337
L101411,529880.16,507264.67,6.772,604,89.4,28.7,44,316,OH,SFR,Meridian Home Loans,Pier Asset Mgmt,0.06139999999999999,0.019053333333333332
L101412,140255.97,137794.17,5.872,722,67.6,32.2,5,175,AZ,SFR,Coastal Mortgage Co,Pier Asset Mgmt,0.0694,0.008
L101413,377500.84,362096.02,5.033,695,85.1,43.4,32,328,AZ,Condo,Highline Capital,Northgate Servicing,0.15835,0.010503333333333333
L101414,391902.2,388506.56,8.236,654,90.3,22.0,13,347,IL,SFR,Meridian Home Loans,Summit Loan Servicing,0.049999999999999996,0.013696666666666666
L101415,180185.91,170593.76,5.499,719,54.3,25.4,44,316,NY,SFR,Apex Funding,Summit Loan Servicing,0.13505,0.008
L101416,529795.18,437210.93,6.223,721,81.3,34.2,46,134,GA,SFR,Apex Funding,Summit Loan Servicing,0.09885000000000001,0.008
L101417,344008.48,335999.26,6.212,767,85.5,30.0,23,337,AZ,Condo,Meridian Home Loans,Summit Loan Servicing,0.09020666666666668,0.008
L101418,341088.98,311060.8,7.039,723,70.9,33.6,26,154,GA,2-4 Unit,Coastal Mortgage Co,Northgate Servicing,0.06,0.008
L101419,245194.67,240325.93,6.816,783,59.5,25.9,22,338,FL,SFR,Highline Capital,Summit Loan Servicing,0.06674666666666668,0.008
L101420,225025.91,220022.32,5.656,715,85.3,37.7,20,340,CA,SFR,Apex Funding,Summit Loan Servicing,0.1048,0.008143333333333334
L101421,225642.44,214545.14,6.107,709,59.6,34.8,45,315,CA,SFR,Highline Capital,Pier Asset Mgmt,0.10464999999999999,0.008
L101422,278364.23,274499.81,6.196,774,71.9,40.4,14,346,IL,SFR,Coastal Mortgage Co,Summit Loan Servicing,0.07876,0.008
L101423,396493.61,379626.05,7.074,661,73.5,37.6,46,314,AZ,Condo,Highline Capital,Pier Asset Mgmt,0.06,0.012356666666666669
L101424,258709.21,249047.93,5.349,820,82.6,37.7,31,329,AZ,Condo,Apex Funding,Summit Loan Servicing,0.14255,0.008
L101425,176485.63,170382.78,8.216,736,66.5,24.4,46,314,OH,Condo,Highline Capital,Northgate Servicing,0.06,0.008
L101426,324016.42,313456.76,5.717,736,65.8,39.9,29,331,AZ,Multifamily,Coastal Mortgage Co,Summit Loan Servicing,0.12201166666666668,0.008
L101427,335173.22,321800.45,6.392,744,75.2,33.4,39,321,CA,SFR,Coastal Mortgage Co,Northgate Servicing,0.09039999999999998,0.008
L101428,305324.63,296647.09,5.356,818,86.1,34.7,24,336,OH,2-4 Unit,Meridian Home Loans,Summit Loan Servicing,0.12576,0.008
L101429,315188.02,306831.38,5.232,759,97.0,44.4,22,338,WA,SFR,Meridian Home Loans,Summit Loan Servicing,0.12482666666666666,0.008
L101430,220835.9,217671.96,5.613,627,55.9,30.2,13,347,OH,SFR,Meridian Home Loans,Pier Asset Mgmt,0.08005166666666666,0.013503333333333332
L101431,175405.16,173454.9,5.527,792,77.8,46.8,10,350,IL,Condo,Meridian Home Loans,Pier Asset Mgmt,0.08454999999999999,0.008
L101432,179177.52,177945.03,6.027,696,61.0,47.6,2,178,FL,Condo,Coastal Mortgage Co,Northgate Servicing,0.06324333333333333,0.008273333333333334
L101433,136979.68,134020.52,5.519,721,86.2,42.0,19,341,WA,Multifamily,Highline Capital,Pier Asset Mgmt,0.10689833333333332,0.008
L101434,263796.17,252196.05,7.026,645,62.7,28.2,47,313,TX,SFR,Coastal Mortgage Co,Pier Asset Mgmt,0.049999999999999996,0.01225
L101435,235812.65,223364.91,5.695,744,65.9,18.5,45,315,AZ,SFR,Highline Capital,Pier Asset Mgmt,0.12524999999999997,0.008
L101436,208147.93,200185.92,5.596,679,66.9,44.6,33,327,WA,2-4 Unit,Highline Capital,Pier Asset Mgmt,0.13019999999999998,0.010363333333333334
L101437,86295.56,84695.34,6.046,721,73.1,36.9,18,342,WA,SFR,Highline Capital,Summit Loan Servicing,0.08861999999999999,0.008
L101438,156911.76,143926.43,7.294,699,77.9,30.0,25,155,GA,SFR,Apex Funding,Summit Loan Servicing,0.06,0.008490000000000001
L101439,359437.01,346772.59,6.593,820,79.8,45.4,36,324,OH,SFR,Highline Capital,Northgate Servicing,0.08035,0.008
L101440,192409.44,192228.98,6.31,820,73.9,29.1,1,359,OH,SFR,Coastal Mortgage Co,Northgate Servicing,0.061149999999999996,0.008
L101441,275462.58,259805.33,5.11,718,58.0,32.6,44,316,WA,SFR,Apex Funding,Pier Asset Mgmt,0.15449999999999997,0.008
L101442,149232.4,124936.87,5.372,719,82.7,40.2,41,139,NY,2-4 Unit,Highline Capital,Summit Loan Servicing,0.14140000000000003,0.008
L101443,401734.59,378306.66,5.249,694,73.4,27.1,46,314,NC,SFR,Meridian Home Loans,Summit Loan Servicing,0.14755000000000001,0.008346666666666667
L101444,230865.44,230010.99,7.576,776,87.9,35.1,5,355,OH,Condo,Meridian Home Loans,Summit Loan Servicing,0.06,0.008
L101445,268743.89,257197.68,6.878,697,65.5,44.7,45,315,FL,Condo,Meridian Home Loans,Pier Asset Mgmt,0.06609999999999999,0.00843
L101446,547995.81,529842.94,5.625,692,54.8,37.7,29,331,FL,SFR,Apex Funding,Pier Asset Mgmt,0.12645833333333334,0.008
L101447,412814.67,400734.1,5.892,769,73.6,46.0,27,333,NY,SFR,Coastal Mortgage Co,Pier Asset Mgmt,0.10985999999999999,0.008
L101448,218098.49,211016.96,5.657,685,89.6,45.1,9,171,NY,SFR,Coastal Mortgage Co,Pier Asset Mgmt,0.080145,0.012066666666666667
L101449,197278.74,179504.27,5.603,713,75.9,36.1,24,156,AZ,2-4 Unit,Highline Capital,Pier Asset Mgmt,0.11588000000000001,0.008
L101450,216654.51,203528.53,6.814,628,71.6,17.3,18,162,WA,SFR,Meridian Home Loans,Northgate Servicing,0.05558,0.014113333333333332
L101451,290240.27,275340.24,6.141,754,63.6,27.2,47,313,TX,SFR,Meridian Home Loans,Northgate Servicing,0.10295,0.008
L101452,234022.27,231518.9,8.273,820,95.1,42.1,16,344,NY,Multifamily,Coastal Mortgage Co,Summit Loan Servicing,0.06,0.008
L101453,211433.23,209660.92,7.525,755,61.6,23.6,11,349,WA,SFR,Highline Capital,Northgate Servicing,0.06,0.008
L101454,405758.5,342648.68,7.579,795,65.3,33.4,45,135,GA,SFR,Apex Funding,Summit Loan Servicing,0.06,0.008
L101455,233287.42,231527.07,7.004,668,80.8,38.7,9,351,FL,Multifamily,Apex Funding,Pier Asset Mgmt,0.06,0.01246
L101456,542995.43,517224.99,6.02,728,51.7,47.8,43,317,NC,SFR,Apex Funding,Northgate Servicing,0.10900000000000001,0.008
L101457,250636.73,239713.13,6.938,663,89.3,31.4,46,314,OH,SFR,Coastal Mortgage Co,Northgate Servicing,0.06310000000000002,0.013323333333333333
L101458,453550.29,446646.47,6.086,702,81.5,30.9,15,345,NY,SFR,Coastal Mortgage Co,Northgate Servicing,0.08285,0.00861
L101459,275147.28,268185.2,7.867,757,84.8,35.6,33,327,IL,Condo,Highline Capital,Pier Asset Mgmt,0.06,0.008
L101460,340114.02,327777.42,6.764,721,80.7,38.8,38,322,NC,2-4 Unit,Apex Funding,Pier Asset Mgmt,0.07179999999999999,0.008
L101461,188411.96,183787.47,6.636,637,72.1,34.8,26,334,OH,Condo,Apex Funding,Northgate Servicing,0.06577333333333334,0.014429999999999998
L101462,180085.01,174234.69,6.514,643,61.2,44.4,33,327,GA,Multifamily,Meridian Home Loans,Pier Asset Mgmt,0.07429999999999999,0.01338
L101463,285186.06,283810.15,7.966,639,72.3,29.6,7,353,WA,SFR,Apex Funding,Pier Asset Mgmt,0.049999999999999996,0.013903333333333334
L101464,343174.26,332540.3,5.11,742,62.3,37.0,25,335,AZ,SFR,Coastal Mortgage Co,Pier Asset Mgmt,0.13874999999999998,0.008
L101465,246246.85,241814.63,8.054,820,79.8,39.6,25,335,IL,SFR,Coastal Mortgage Co,Pier Asset Mgmt,0.06,0.008
L101466,154780.36,150520.68,6.232,790,83.7,32.8,27,333,IL,2-4 Unit,Apex Funding,Summit Loan Servicing,0.09455999999999999,0.008
L101467,150830.14,142078.01,5.134,611,91.7,42.7,45,315,NC,Multifamily,Coastal Mortgage Co,Northgate Servicing,0.14329999999999998,0.01951666666666667
L101468,147340.61,140730.34,5.723,793,78.5,37.2,39,321,CA,SFR,Apex Funding,Summit Loan Servicing,0.12385,0.008
L101469,130787.91,125882.17,4.914,767,85.1,42.3,29,331,FL,2-4 Unit,Meridian Home Loans,Summit Loan Servicing,0.16082333333333335,0.008
L101470,252286.31,248134.47,6.988,630,70.4,37.6,19,341,FL,SFR,Meridian Home Loans,Northgate Servicing,0.05037999999999998,0.015146666666666666
L101471,359966.18,351682.84,5.466,698,68.3,39.0,20,340,OH,SFR,Apex Funding,Summit Loan Servicing,0.11113333333333332,0.00823
L101472,241664.21,241447.94,6.552,775,79.7,30.9,1,359,OH,SFR,Highline Capital,Summit Loan Servicing,0.060746666666666664,0.008
L101473,110068.13,107735.12,7.421,745,69.4,31.0,26,334,OH,Multifamily,Highline Capital,Pier Asset Mgmt,0.06,0.008
L101474,227120.01,224222.53,5.795,643,77.2,45.8,12,348,TX,SFR,Coastal Mortgage Co,Summit Loan Servicing,0.07410000000000001,0.015073333333333334
L101475,229353.64,219002.92,6.159,749,61.3,41.1,42,318,FL,SFR,Highline Capital,Northgate Servicing,0.10205,0.008
L101476,505649.77,482318.64,5.227,597,63.4,27.8,37,323,NY,Multifamily,Coastal Mortgage Co,Pier Asset Mgmt,0.13865,0.017093333333333335
L101477,145801.55,138917.75,6.05,703,81.6,37.4,43,317,CA,SFR,Highline Capital,Summit Loan Servicing,0.10750000000000001,0.008953333333333332
L101478,211771.44,204928.49,8.717,778,84.6,17.0,47,313,FL,SFR,Coastal Mortgage Co,Northgate Servicing,0.06,0.008
L101479,441109.51,434003.05,7.1,716,62.2,31.4,19,341,IL,Condo,Meridian Home Loans,Pier Asset Mgmt,0.06,0.008
L101480,284216.75,278151.16,6.162,688,82.0,43.7,21,339,OH,SFR,Meridian Home Loans,Pier Asset Mgmt,0.08932999999999999,0.010913333333333334
L101481,295717.41,286303.85,5.849,764,67.6,35.0,29,331,TX,SFR,Highline Capital,Pier Asset Mgmt,0.11563166666666666,0.008
L101482,252736.96,247538.54,6.362,769,74.2,36.9,21,339,OH,SFR,Apex Funding,Northgate Servicing,0.08232999999999999,0.008
L101483,272523.53,268961.77,6.517,787,91.0,11.9,14,346,OH,2-4 Unit,Meridian Home Loans,Pier Asset Mgmt,0.07126999999999999,0.008
L101484,318750.31,307069.78,6.023,763,83.7,32.9,34,326,TX,SFR,Highline Capital,Northgate Servicing,0.10885000000000002,0.008
L101485,182897.25,179306.83,6.877,774,83.6,38.7,22,338,FL,Condo,Meridian Home Loans,Northgate Servicing,0.06451000000000001,0.008
L101486,330155.98,312268.99,5.542,755,96.9,39.7,45,315,IL,2-4 Unit,Coastal Mortgage Co,Pier Asset Mgmt,0.13290000000000002,0.008
L101487,150158.84,144113.48,5.537,730,65.6,43.7,11,169,WA,SFR,Apex Funding,Pier Asset Mgmt,0.08682166666666666,0.008
L101488,272373.29,252830.85,6.733,720,62.2,34.3,21,159,AZ,2-4 Unit,Meridian Home Loans,Northgate Servicing,0.069345,0.008
L101489,258476.31,250795.92,5.348,702,65.3,34.7,25,335,WA,Condo,Highline Capital,Pier Asset Mgmt,0.12883333333333336,0.008
L101490,195692.03,165732.35,7.056,648,70.9,25.3,43,137,NY,Multifamily,Apex Funding,Northgate Servicing,0.049999999999999996,0.012576666666666667
L101491,240881.44,216755.7,6.387,662,45.7,34.4,28,152,WA,SFR,Highline Capital,Summit Loan Servicing,0.0886066666666667,0.009263333333333333
L101492,195264.62,194276.99,4.755,699,71.5,25.9,4,356,WA,SFR,Highline Capital,Northgate Servicing,0.07496666666666667,0.008
L101493,166859.02,164344.49,6.499,728,67.5,21.2,16,344,GA,Condo,Highline Capital,Pier Asset Mgmt,0.07336000000000001,0.008
L101494,214536.43,202498.59,4.883,794,83.4,27.3,42,318,TX,Multifamily,Meridian Home Loans,Northgate Servicing,0.16585,0.008
L101495,164984.03,163171.48,7.024,713,78.2,48.1,13,347,FL,Multifamily,Meridian Home Loans,Northgate Servicing,0.06,0.008326666666666668
L101496,271842.77,267207.0,6.176,770,66.8,33.8,17,343,TX,SFR,Meridian Home Loans,Pier Asset Mgmt,0.08334666666666665,0.008
L101497,162343.55,158523.29,8.066,774,81.1,37.8,8,172,OH,SFR,Meridian Home Loans,Pier Asset Mgmt,0.06,0.008
L101498,311511.63,302560.74,7.364,702,82.7,31.9,34,326,NY,SFR,Apex Funding,Northgate Servicing,0.06,0.008796666666666668
L101499,160569.53,159309.43,5.445,748,64.8,21.7,7,353,AZ,Condo,Meridian Home Loans,Pier Asset Mgmt,0.07814166666666666,0.008
L101500,199146.65,194341.19,4.581,702,68.1,43.5,18,342,FL,2-4 Unit,Coastal Mortgage Co,Northgate Servicing,0.13257,0.00811
L101501,195123.66,187580.83,5.72,788,47.3,18.6,34,326,WA,Condo,Apex Funding,Northgate Servicing,0.12400000000000001,0.008
L101502,386080.57,365358.27,5.301,750,60.9,31.6,43,317,AZ,SFR,Apex Funding,Pier Asset Mgmt,0.14495,0.008
L101503,272556.57,270494.2,8.043,650,65.1,35.6,11,349,NY,Multifamily,Coastal Mortgage Co,Summit Loan Servicing,0.049999999999999996,0.012483333333333332
L101504,225458.9,221991.71,6.391,724,74.9,37.8,16,344,IL,SFR,Meridian Home Loans,Summit Loan Servicing,0.07624,0.008
L101505,289106.9,287730.41,7.24,806,62.7,30.2,6,354,CA,SFR,Meridian Home Loans,Summit Loan Servicing,0.06,0.008
L101506,116131.99,113644.9,6.143,705,67.8,21.3,21,339,TX,SFR,Highline Capital,Pier Asset Mgmt,0.089995,0.008
L101507,239163.63,227089.55,6.238,740,59.3,29.6,47,313,WA,SFR,Coastal Mortgage Co,Summit Loan Servicing,0.09809999999999998,0.008
L101508,488517.2,481466.65,6.371,745,76.1,30.0,15,345,OH,Condo,Apex Funding,Pier Asset Mgmt,0.07572499999999999,0.008
L101509,254313.05,251713.16,7.396,658,79.1,29.8,13,347,OH,SFR,Apex Funding,Pier Asset Mgmt,0.049999999999999996,0.012696666666666665
L101510,248642.05,244305.27,6.68,743,78.8,43.8,19,341,NC,SFR,Coastal Mortgage Co,Pier Asset Mgmt,0.07013333333333334,0.008
L101511,294149.94,243946.73,5.448,638,74.1,26.3,43,137,FL,SFR,Apex Funding,Pier Asset Mgmt,0.1276,0.013963333333333333
L101512,332189.82,325713.17,7.86,681,55.5,38.4,26,334,TX,SFR,Coastal Mortgage Co,Pier Asset Mgmt,0.06,0.00861
L101513,120678.67,117029.82,6.136,774,66.6,37.3,29,331,AZ,Condo,Coastal Mortgage Co,Summit Loan Servicing,0.10175999999999999,0.008
L101514,134751.25,129304.38,5.99,735,69.1,43.7,37,323,NY,SFR,Highline Capital,Pier Asset Mgmt,0.11049999999999999,0.008
L101515,261346.38,247483.97,3.853,698,69.2,34.9,34,326,CA,SFR,Coastal Mortgage Co,Summit Loan Servicing,0.21000000000000002,0.008046666666666667
L101516,189054.99,184147.62,6.971,740,74.9,42.3,29,331,CA,SFR,Apex Funding,Northgate Servicing,0.06140166666666666,0.008
L101517,384311.55,347583.23,6.491,712,91.1,34.6,27,153,GA,Condo,Apex Funding,Pier Asset Mgmt,0.082905,0.008816666666666667
L101518,217442.33,211959.91,6.49,716,83.7,39.5,26,334,OH,SFR,Meridian Home Loans,Summit Loan Servicing,0.08209999999999999,0.008003333333333335
L101519,123366.42,119483.12,6.037,751,62.1,24.0,9,171,NY,SFR,Apex Funding,Summit Loan Servicing,0.074445,0.008
L101520,155779.24,152454.84,5.882,675,82.1,14.9,20,340,WA,SFR,Highline Capital,Pier Asset Mgmt,0.09726666666666667,0.010303333333333333
L101521,92745.4,88715.74,6.067,717,81.7,39.0,40,320,NY,SFR,Coastal Mortgage Co,Summit Loan Servicing,0.10665,0.008
L101522,223698.86,223317.61,6.817,698,64.3,39.4,2,358,AZ,SFR,Highline Capital,Summit Loan Servicing,0.06061,0.008
L101523,227308.99,219139.02,6.975,628,84.2,39.8,39,321,FL,SFR,Meridian Home Loans,Summit Loan Servicing,0.05125000000000001,0.016873333333333334
L101524,209282.03,203480.44,6.192,664,72.1,31.8,27,333,NC,Condo,Meridian Home Loans,Summit Loan Servicing,0.09636,0.01153
L101525,354196.69,349269.21,7.254,801,57.1,47.9,17,343,FL,SFR,Highline Capital,Northgate Servicing,0.06,0.008
L101526,369343.34,367244.98,6.329,736,79.5,32.3,6,354,AZ,SFR,Highline Capital,Pier Asset Mgmt,0.06671,0.008
L101527,228745.21,219702.1,5.946,642,76.6,39.4,36,324,IL,Multifamily,Highline Capital,Northgate Servicing,0.10270000000000003,0.014686666666666666
L101528,115019.53,114917.14,6.579,630,71.3,40.8,1,359,CA,SFR,Apex Funding,Summit Loan Servicing,0.050701666666666666,0.01545
L101529,301356.3,291737.22,5.177,709,73.6,49.7,26,334,FL,SFR,Meridian Home Loans,Pier Asset Mgmt,0.13899666666666669,0.008373333333333333
L101530,294895.42,292766.79,6.609,801,65.4,33.5,8,352,NY,SFR,Coastal Mortgage Co,Northgate Servicing,0.06521333333333333,0.008
L101531,270570.25,223044.86,5.012,705,81.3,30.8,43,137,IL,SFR,Apex Funding,Summit Loan Servicing,0.15940000000000004,0.008283333333333334
L101532,342325.7,331045.22,5.475,787,73.5,24.0,9,171,FL,SFR,Meridian Home Loans,Northgate Servicing,0.082875,0.008
L101533,161508.03,152958.07,4.583,734,76.0,48.4,38,322,GA,2-4 Unit,Apex Funding,Summit Loan Servicing,0.18085,0.008
L101534,490443.02,476970.13,6.242,741,78.3,39.4,27,333,WA,SFR,Meridian Home Loans,Northgate Servicing,0.09411,0.008
L101535,173546.4,172526.54,7.849,642,60.1,39.6,2,178,AZ,Condo,Meridian Home Loans,Pier Asset Mgmt,0.049999999999999996,0.013049999999999999
L101536,315599.1,304581.15,6.295,767,63.3,55.0,34,326,NY,Multifamily,Meridian Home Loans,Northgate Servicing,0.09525,0.008
L101537,134514.64,129264.52,6.979,697,47.5,38.6,42,318,NC,SFR,Meridian Home Loans,Pier Asset Mgmt,0.06104999999999999,0.008
L101538,175326.87,174120.4,8.517,762,80.8,25.6,11,349,WA,Condo,Meridian Home Loans,Pier Asset Mgmt,0.06,0.008
L101539,412804.35,343219.12,6.764,670,59.5,34.4,46,134,FL,SFR,Highline Capital,Northgate Servicing,0.07179999999999999,0.009843333333333334
L101540,221612.37,211928.48,5.711,725,75.6,28.2,38,322,FL,SFR,Highline Capital,Pier Asset Mgmt,0.12444999999999999,0.008
L101541,325778.48,282547.07,5.835,734,78.5,32.8,35,145,CA,2-4 Unit,Apex Funding,Pier Asset Mgmt,0.11825,0.008
L101542,263796.8,259747.63,6.401,707,81.2,32.8,16,344,OH,SFR,Coastal Mortgage Co,Northgate Servicing,0.07597333333333334,0.008206666666666668
L101543,234044.05,229085.16,5.83,737,59.6,31.3,6,174,OH,Multifamily,Meridian Home Loans,Pier Asset Mgmt,0.0717,0.008
L101544,391346.1,382580.78,5.898,700,73.2,24.9,21,339,IL,SFR,Highline Capital,Northgate Servicing,0.09857,0.008
L101545,223500.61,216128.14,7.287,679,94.0,48.7,38,322,OH,SFR,Highline Capital,Pier Asset Mgmt,0.06,0.013346666666666666
L101546,130188.89,118036.73,7.324,803,94.6,38.4,28,152,NC,SFR,Highline Capital,Summit Loan Servicing,0.06,0.008
L101547,183297.53,175922.4,4.918,773,85.8,34.2,31,329,WA,SFR,Coastal Mortgage Co,Northgate Servicing,0.1641,0.008
L101548,294465.49,281864.71,5.664,673,78.0,42.1,37,323,WA,SFR,Meridian Home Loans,Summit Loan Servicing,0.12680000000000002,0.011906666666666668
L101549,278849.69,274222.27,5.982,746,61.9,39.8,16,344,WA,SFR,Apex Funding,Summit Loan Servicing,0.08714666666666666,0.008
L101550,140298.79,140065.33,6.939,674,82.6,38.2,2,358,NY,SFR,Coastal Mortgage Co,Northgate Servicing,0.06020333333333333,0.012006666666666665
L101551,188429.67,181649.88,7.429,650,72.1,41.5,42,318,NC,SFR,Coastal Mortgage Co,Summit Loan Servicing,0.049999999999999996,0.013576666666666666
L101552,198074.31,194467.1,8.832,772,80.7,37.1,29,331,TX,Multifamily,Coastal Mortgage Co,Summit Loan Servicing,0.06,0.008
L101553,213648.12,207495.22,5.981,621,66.4,41.4,27,333,OH,SFR,Meridian Home Loans,Pier Asset Mgmt,0.09585500000000001,0.0159
L101554,150005.95,145720.8,6.026,766,71.9,42.0,27,333,NY,SFR,Highline Capital,Summit Loan Servicing,0.10383,0.008
L101555,194866.52,187398.8,6.93,701,76.0,37.3,41,319,IL,Condo,Meridian Home Loans,Pier Asset Mgmt,0.06350000000000001,0.008586666666666666
L101556,188148.41,180266.43,5.786,703,77.0,34.2,37,323,GA,Condo,Highline Capital,Summit Loan Servicing,0.12070000000000003,0.008280000000000001
L101557,318073.14,280960.45,6.273,738,79.9,48.2,32,148,AZ,2-4 Unit,Highline Capital,Northgate Servicing,0.09635000000000002,0.008
L101558,322285.3,309340.25,6.026,747,67.0,32.2,37,323,AZ,Multifamily,Meridian Home Loans,Summit Loan Servicing,0.10870000000000002,0.008
L101559,230721.43,217349.48,4.041,670,57.9,39.1,14,166,WA,SFR,Apex Funding,Summit Loan Servicing,0.12904333333333334,0.009996666666666668
L101560,211670.49,204562.07,6.511,754,93.5,39.3,34,326,AZ,SFR,Meridian Home Loans,Pier Asset Mgmt,0.08445,0.008
L101561,254988.44,242418.92,6.236,721,97.0,31.1,46,314,AZ,Condo,Highline Capital,Summit Loan Servicing,0.09820000000000001,0.008273333333333334
L101562,182444.03,180776.62,7.544,646,79.4,29.5,12,348,GA,SFR,Apex Funding,Pier Asset Mgmt,0.049999999999999996,0.013906666666666668
L101563,162528.52,146895.36,6.405,706,58.1,33.2,27,153,IL,Condo,Meridian Home Loans,Northgate Servicing,0.08677499999999999,0.008
L101564,174716.96,167644.7,5.271,791,64.7,32.1,33,327,WA,SFR,Highline Capital,Northgate Servicing,0.14645000000000002,0.008
L101565,194427.65,189441.52,6.168,807,80.1,24.3,25,335,NY,2-4 Unit,Highline Capital,Pier Asset Mgmt,0.09466666666666666,0.008
L101566,161584.61,150954.53,4.518,754,90.1,30.8,46,314,NC,Condo,Highline Capital,Northgate Servicing,0.1841,0.008
L101567,256971.6,251207.45,5.31,650,59.4,38.1,19,341,FL,SFR,Coastal Mortgage Co,Northgate Servicing,0.10351666666666669,0.01208
L101568,313451.68,302224.64,6.972,742,72.5,46.1,11,169,IL,SFR,Highline Capital,Northgate Servicing,0.06051333333333332,0.008
L101569,139318.17,135963.64,6.177,762,76.4,40.4,7,173,NY,Multifamily,Apex Funding,Northgate Servicing,0.06960166666666667,0.008
L101570,244946.49,236298.4,7.23,755,84.4,15.2,40,320,FL,Condo,Apex Funding,Pier Asset Mgmt,0.06,0.008
L101571,224812.61,214658.43,4.63,758,69.9,41.1,33,327,OH,2-4 Unit,Coastal Mortgage Co,Northgate Servicing,0.1785,0.008
L101572,273628.89,265727.54,6.182,735,55.2,31.5,28,332,AZ,2-4 Unit,Coastal Mortgage Co,Summit Loan Servicing,0.09817333333333332,0.008
L101573,241704.56,236363.49,5.972,711,81.5,39.6,21,339,AZ,SFR,Apex Funding,Pier Asset Mgmt,0.09597999999999998,0.00829
L101574,145982.24,143573.65,7.26,682,87.5,35.9,20,340,CA,SFR,Apex Funding,Northgate Servicing,0.06,0.011543333333333333
L101575,156086.21,149695.15,7.005,611,73.0,34.5,44,316,FL,SFR,Meridian Home Loans,Pier Asset Mgmt,0.049999999999999996,0.0171
L101576,245314.97,238234.5,6.978,734,78.9,35.2,32,328,FL,Condo,Coastal Mortgage Co,Northgate Servicing,0.06110000000000001,0.008
L101577,348040.22,335019.78,7.787,725,68.3,35.8,46,314,AZ,SFR,Meridian Home Loans,Summit Loan Servicing,0.06,0.008
L101578,111863.47,95886.67,6.069,746,63.9,46.8,38,142,OH,SFR,Coastal Mortgage Co,Pier Asset Mgmt,0.10655,0.008
L101579,274033.13,265754.37,7.602,641,86.3,35.8,37,323,NY,Multifamily,Highline Capital,Pier Asset Mgmt,0.049999999999999996,0.015516666666666666
L101580,368194.9,356557.73,5.46,750,78.6,44.7,27,333,NY,SFR,Apex Funding,Summit Loan Servicing,0.12930000000000003,0.008
L101581,230139.5,226997.56,5.427,820,79.9,43.5,12,348,GA,Condo,Meridian Home Loans,Pier Asset Mgmt,0.09146000000000001,0.008
L101582,294363.56,286306.12,7.077,719,92.0,41.3,31,329,WA,SFR,Apex Funding,Summit Loan Servicing,0.06,0.008653333333333334
L101583,189837.9,181589.99,5.046,712,61.3,21.7,34,326,NY,SFR,Meridian Home Loans,Pier Asset Mgmt,0.1577,0.008
L101584,232866.78,227663.34,6.915,732,67.4,44.9,25,335,FL,SFR,Meridian Home Loans,Northgate Servicing,0.06354166666666666,0.008
L101585,137679.01,137554.33,6.491,820,75.9,32.3,1,359,GA,Condo,Highline Capital,Northgate Servicing,0.06084833333333333,0.008
L101586,106881.91,102565.84,7.365,659,67.2,41.7,46,314,WA,Condo,Meridian Home Loans,Summit Loan Servicing,0.049999999999999996,0.0122
L101587,337718.51,324136.29,6.347,726,83.4,28.2,39,321,AZ,SFR,Coastal Mortgage Co,Summit Loan Servicing,0.09264999999999998,0.008
L101588,172000.35,161898.56,6.45,671,71.8,26.5,17,163,GA,SFR,Meridian Home Loans,Pier Asset Mgmt,0.07558333333333332,0.010446666666666667
L101589,207018.88,202543.66,6.858,685,62.1,51.8,24,336,AZ,SFR,Apex Funding,Northgate Servicing,0.06568000000000002,0.009763333333333334
L101590,149454.19,148516.23,5.804,712,74.8,28.3,6,354,CA,SFR,Apex Funding,Summit Loan Servicing,0.07196,0.008
L101591,148228.55,140495.67,5.764,789,76.0,45.2,45,315,AZ,SFR,Highline Capital,Northgate Servicing,0.12179999999999999,0.008
L101592,228469.23,226276.19,6.827,814,85.2,36.9,11,349,CA,SFR,Highline Capital,Pier Asset Mgmt,0.06317166666666667,0.008
L101593,188084.76,184802.79,6.374,740,78.7,32.6,18,342,NY,2-4 Unit,Apex Funding,Summit Loan Servicing,0.07878,0.008
L101594,277143.26,271087.01,6.033,694,79.5,35.6,21,339,NY,Condo,Coastal Mortgage Co,Pier Asset Mgmt,0.09384499999999998,0.009523333333333333
L101595,284471.53,271704.99,6.325,820,77.8,25.6,13,167,NC,SFR,Meridian Home Loans,Pier Asset Mgmt,0.074625,0.008
L101596,271657.5,265433.96,7.835,691,71.7,35.9,30,330,FL,Condo,Highline Capital,Northgate Servicing,0.06,0.009063333333333333
L101597,263948.76,250068.44,6.001,684,65.4,27.3,47,313,FL,SFR,Apex Funding,Summit Loan Servicing,0.10994999999999999,0.008560000000000002
L101598,421771.46,355845.76,5.975,617,77.5,32.8,41,139,OH,Multifamily,Meridian Home Loans,Pier Asset Mgmt,0.10125000000000002,0.016836666666666666
L101599,167099.08,161692.87,4.863,792,70.0,43.4,25,335,IL,SFR,Apex Funding,Pier Asset Mgmt,0.14904166666666666,0.008
L101600,238177.82,236604.88,6.362,768,94.3,38.0,7,353,AZ,SFR,Coastal Mortgage Co,Northgate Servicing,0.06744333333333333,0.008
L101601,360930.77,308326.5,6.991,820,90.1,24.1,41,139,GA,Condo,Coastal Mortgage Co,Northgate Servicing,0.06045000000000002,0.008
L101602,377977.12,373926.58,7.153,639,81.6,42.8,13,347,NC,SFR,Coastal Mortgage Co,Pier Asset Mgmt,0.049999999999999996,0.015713333333333333
L101603,147617.94,141172.46,6.497,795,78.5,35.9,43,317,NC,2-4 Unit,Highline Capital,Summit Loan Servicing,0.08515,0.008
L101604,217656.98,214255.84,7.26,719,72.9,31.7,19,341,NC,Multifamily,Meridian Home Loans,Summit Loan Servicing,0.06,0.008
L101605,390562.15,382065.31,7.058,759,58.9,42.0,25,335,WA,Condo,Highline Capital,Northgate Servicing,0.06,0.008
L101606,290055.54,285149.78,7.402,624,71.4,34.7,21,339,AZ,SFR,Meridian Home Loans,Northgate Servicing,0.049999999999999996,0.015653333333333335
L101607,259975.34,255251.26,7.286,796,75.2,26.7,22,338,NY,SFR,Meridian Home Loans,Northgate Servicing,0.06,0.008
L101608,224989.8,223706.53,7.813,758,76.8,50.8,8,352,TX,SFR,Apex Funding,Northgate Servicing,0.06,0.008
L101609,212281.75,206686.15,6.247,713,79.6,35.9,26,334,OH,SFR,Meridian Home Loans,Pier Asset Mgmt,0.09263,0.008
L101610,268572.63,262435.06,5.206,750,85.1,35.3,19,341,NY,Multifamily,Highline Capital,Northgate Servicing,0.11681,0.008
L101611,222274.65,214088.65,6.997,673,65.7,32.8,40,320,NY,SFR,Apex Funding,Northgate Servicing,0.06015,0.010056666666666667
L101612,239210.09,234490.26,7.102,683,65.8,45.4,23,337,TX,SFR,Coastal Mortgage Co,Pier Asset Mgmt,0.06,0.009906666666666666
L101613,249573.7,240281.12,7.813,690,91.4,31.8,46,314,GA,SFR,Coastal Mortgage Co,Summit Loan Servicing,0.06,0.010860000000000002
L101614,191506.1,183108.31,7.553,613,83.3,23.6,14,166,GA,Multifamily,Highline Capital,Pier Asset Mgmt,0.049999999999999996,0.017203333333333334
L101615,292507.41,289301.98,8.151,762,69.3,30.6,16,344,OH,Multifamily,Highline Capital,Pier Asset Mgmt,0.06,0.008
L101616,673326.5,672210.25,6.958,781,72.7,46.6,2,358,AZ,SFR,Apex Funding,Northgate Servicing,0.06014,0.008
L101617,130359.94,125917.46,6.606,676,72.8,42.7,35,325,AZ,SFR,Meridian Home Loans,Northgate Servicing,0.07970000000000001,0.011126666666666667
L101618,271958.4,267914.65,5.154,734,74.4,34.0,4,176,GA,2-4 Unit,Apex Funding,Northgate Servicing,0.07230666666666666,0.008
L101619,186080.28,183720.91,6.677,700,79.7,47.0,14,346,OH,SFR,Meridian Home Loans,Summit Loan Servicing,0.06753666666666668,0.009703333333333335
L101620,297179.29,282786.86,5.903,733,97.0,42.0,43,317,WA,Multifamily,Coastal Mortgage Co,Northgate Servicing,0.11485000000000002,0.008
L101621,246790.51,239919.04,6.59,680,76.3,33.9,29,331,OH,2-4 Unit,Apex Funding,Pier Asset Mgmt,0.07981666666666667,0.01049
L101622,316997.5,286606.76,6.449,666,82.0,34.7,27,153,NY,Condo,Coastal Mortgage Co,Northgate Servicing,0.08479500000000001,0.012513333333333335
L101623,366380.36,316754.3,6.825,773,53.8,38.6,38,142,FL,SFR,Highline Capital,Summit Loan Servicing,0.06874999999999999,0.008
L101624,259716.88,249799.66,6.312,711,68.2,29.3,37,323,CA,Condo,Highline Capital,Northgate Servicing,0.09439999999999998,0.008
L101625,360850.24,347418.33,7.242,820,88.7,36.0,42,318,WA,Multifamily,Meridian Home Loans,Summit Loan Servicing,0.06,0.008
L101626,106883.61,101648.44,3.949,718,78.8,38.5,32,328,AZ,SFR,Highline Capital,Pier Asset Mgmt,0.21000000000000002,0.008
L101627,423648.04,414842.29,6.571,664,35.0,22.5,22,338,WA,2-4 Unit,Highline Capital,Northgate Servicing,0.07573,0.008
L101628,276861.25,275390.48,7.482,782,82.1,34.5,7,353,AZ,SFR,Meridian Home Loans,Summit Loan Servicing,0.06,0.008
L101629,354068.32,349613.93,8.083,750,97.0,33.6,18,342,IL,Multifamily,Coastal Mortgage Co,Northgate Servicing,0.06,0.008
L101630,158426.1,153610.56,7.059,755,50.0,44.2,34,326,TX,Condo,Highline Capital,Northgate Servicing,0.06,0.008
L101631,181539.86,179997.89,7.916,780,92.2,21.2,12,348,CA,SFR,Meridian Home Loans,Northgate Servicing,0.06,0.008
L101632,255525.73,247553.68,6.552,679,40.7,32.9,32,328,AZ,SFR,Meridian Home Loans,Northgate Servicing,0.08240000000000001,0.008
L101633,241358.04,239776.54,6.403,708,85.3,32.1,7,353,NY,SFR,Apex Funding,Pier Asset Mgmt,0.066965,0.00847
L101634,268088.92,267409.5,6.876,706,73.9,43.7,3,357,NY,SFR,Highline Capital,Pier Asset Mgmt,0.06061999999999999,0.008303333333333334
L101635,354896.08,348729.86,6.397,644,45.8,35.7,18,342,OH,2-4 Unit,Coastal Mortgage Co,Summit Loan Servicing,0.06809,0.01116
L101636,130897.9,129342.55,5.696,701,79.4,50.4,11,349,IL,SFR,Highline Capital,Summit Loan Servicing,0.08390666666666667,0.009800000000000001
L101637,341409.08,287902.86,5.936,789,87.8,41.3,41,139,WA,Multifamily,Apex Funding,Pier Asset Mgmt,0.1132,0.008
L101638,243506.44,227026.29,5.399,728,78.4,32.7,18,162,GA,SFR,Meridian Home Loans,Northgate Servicing,0.10803,0.008
L101639,226087.27,222075.17,6.876,641,81.0,37.9,20,340,OH,Condo,Coastal Mortgage Co,Summit Loan Servicing,0.05413333333333332,0.015126666666666667
L101640,145090.02,142428.32,6.41,629,69.1,33.2,19,341,TX,Multifamily,Apex Funding,Northgate Servicing,0.06868333333333333,0.014823333333333334
L101641,289545.3,285129.72,6.076,807,51.7,42.9,15,345,NY,Condo,Coastal Mortgage Co,Summit Loan Servicing,0.08310000000000001,0.008
L101642,104303.71,99110.04,5.89,710,82.3,25.3,44,316,TX,2-4 Unit,Meridian Home Loans,Summit Loan Servicing,0.11550000000000002,0.008
L101643,304655.8,294731.49,6.855,679,95.0,29.4,35,325,CA,Multifamily,Meridian Home Loans,Summit Loan Servicing,0.06724999999999998,0.01216
L101644,144027.99,143082.97,7.102,700,87.6,39.6,8,352,WA,SFR,Apex Funding,Summit Loan Servicing,0.06,0.01
L101645,247387.27,244273.32,5.383,634,50.1,45.8,11,349,GA,Condo,Highline Capital,Summit Loan Servicing,0.07964500000000001,0.013263333333333335
L101646,232882.87,229444.93,5.241,793,55.8,18.4,4,176,NY,SFR,Coastal Mortgage Co,Pier Asset Mgmt,0.07172666666666666,0.008
L101647,365615.81,361777.27,7.259,693,63.8,47.0,13,347,NY,SFR,Highline Capital,Northgate Servicing,0.06,0.008813333333333333
L101648,228084.33,219285.29,5.162,790,54.9,34.9,31,329,FL,SFR,Apex Funding,Northgate Servicing,0.1519,0.008
L101649,190432.2,182477.43,6.893,718,74.5,20.9,44,316,TX,2-4 Unit,Coastal Mortgage Co,Pier Asset Mgmt,0.06535,0.008
L101650,203351.05,199875.54,7.855,794,78.7,12.0,23,337,WA,Condo,Apex Funding,Pier Asset Mgmt,0.06,0.008
L101651,379082.44,378024.77,7.857,729,56.8,23.8,4,356,TX,SFR,Coastal Mortgage Co,Pier Asset Mgmt,0.06,0.008
L101652,292934.39,292218.9,7.064,762,83.3,35.8,3,357,NY,Multifamily,Highline Capital,Summit Loan Servicing,0.06,0.008
L101653,212145.9,208494.74,7.038,755,81.2,35.5,20,340,TX,SFR,Highline Capital,Pier Asset Mgmt,0.06,0.008
L101654,223517.22,221653.06,8.427,749,67.4,41.1,13,347,WA,Multifamily,Highline Capital,Pier Asset Mgmt,0.06,0.008
L101655,140292.95,134660.81,4.299,734,71.9,31.6,28,332,FL,SFR,Meridian Home Loans,Summit Loan Servicing,0.18604666666666664,0.008
L101656,278163.95,276475.82,5.982,702,50.6,27.1,6,354,NY,SFR,Meridian Home Loans,Pier Asset Mgmt,0.07017999999999999,0.008
L101657,131145.74,129966.2,7.164,820,70.0,32.7,11,349,AZ,SFR,Highline Capital,Pier Asset Mgmt,0.06,0.008
L101658,315883.5,306973.18,6.096,665,74.1,36.3,27,333,GA,SFR,Highline Capital,Pier Asset Mgmt,0.10067999999999999,0.01193
L101659,253981.72,242810.29,7.516,715,76.0,37.8,14,166,NY,Condo,Apex Funding,Northgate Servicing,0.06,0.008
L101660,559855.02,550069.47,6.365,716,78.5,29.7,18,342,GA,Condo,Meridian Home Loans,Summit Loan Servicing,0.07905,0.008
L101661,165206.68,163524.7,6.519,737,76.9,43.2,11,349,IL,2-4 Unit,Highline Capital,Pier Asset Mgmt,0.06881833333333333,0.008
L101662,234232.21,233549.41,6.153,691,70.8,31.0,3,357,FL,SFR,Coastal Mortgage Co,Northgate Servicing,0.064235,0.008646666666666667
L101663,455613.75,447482.62,5.93,732,77.4,29.0,17,343,GA,SFR,Coastal Mortgage Co,Pier Asset Mgmt,0.09031666666666667,0.008
L101664,368422.76,362224.8,5.908,706,86.0,31.7,16,344,NY,SFR,Coastal Mortgage Co,Summit Loan Servicing,0.08911999999999999,0.008713333333333333
L101665,190294.05,182198.19,6.644,628,72.9,44.6,43,317,WA,SFR,Coastal Mortgage Co,Summit Loan Servicing,0.0678,0.016063333333333332
L101666,262600.36,249775.03,5.703,716,77.8,34.9,42,318,IL,SFR,Coastal Mortgage Co,Pier Asset Mgmt,0.12484999999999999,0.008
L101667,242971.58,238747.72,7.258,654,71.8,30.4,21,339,AZ,SFR,Coastal Mortgage Co,Northgate Servicing,0.049999999999999996,0.012406666666666667
L101668,267984.54,264782.5,6.988,620,66.2,43.4,14,346,FL,2-4 Unit,Apex Funding,Pier Asset Mgmt,0.050279999999999984,0.016113333333333334
L101669,190129.72,187069.14,7.389,723,80.3,53.1,20,340,NC,Multifamily,Meridian Home Loans,Pier Asset Mgmt,0.06,0.008
L101670,235328.54,208987.49,5.384,742,67.3,37.7,29,151,GA,2-4 Unit,Coastal Mortgage Co,Northgate Servicing,0.13810666666666666,0.008
L101671,138785.06,135418.46,4.87,744,78.6,45.9,19,341,AZ,SFR,Meridian Home Loans,Summit Loan Servicing,0.12745,0.008
L101672,254560.35,245268.66,6.396,746,74.3,44.3,36,324,IL,SFR,Apex Funding,Pier Asset Mgmt,0.0902,0.008
L101673,284220.96,275744.83,9.009,609,70.4,31.2,46,314,AZ,SFR,Highline Capital,Pier Asset Mgmt,0.049999999999999996,0.01682
L101674,224224.53,220904.18,7.54,640,70.1,36.2,19,341,CA,SFR,Highline Capital,Northgate Servicing,0.049999999999999996,0.014023333333333332
L101675,137961.81,135055.85,5.901,820,67.9,25.7,6,174,NC,SFR,Meridian Home Loans,Pier Asset Mgmt,0.07099,0.008
L101676,343171.69,341384.9,6.782,657,54.3,34.4,6,354,AZ,Multifamily,Apex Funding,Summit Loan Servicing,0.05218,0.010623333333333334
L101677,275842.07,265506.41,7.055,749,78.6,31.0,41,319,IL,SFR,Meridian Home Loans,Northgate Servicing,0.06,0.008
L101678,188319.4,183748.52,5.168,677,76.8,32.8,20,340,CA,SFR,Coastal Mortgage Co,Summit Loan Servicing,0.12106666666666666,0.010766666666666667
L101679,220089.56,217419.87,7.633,719,84.2,30.0,16,344,GA,SFR,Coastal Mortgage Co,Northgate Servicing,0.06,0.008
L101680,143596.95,139184.41,6.249,680,67.6,33.7,30,330,AZ,Multifamily,Apex Funding,Northgate Servicing,0.09755000000000003,0.009606666666666666
L101681,169584.47,161544.17,6.318,746,96.7,40.3,45,315,IL,SFR,Coastal Mortgage Co,Northgate Servicing,0.09410000000000002,0.008
L101682,201141.92,197255.14,6.421,723,69.4,35.0,20,340,CA,2-4 Unit,Apex Funding,Summit Loan Servicing,0.07929999999999998,0.008
L101683,373228.94,368827.9,7.43,690,63.5,21.1,15,345,NY,SFR,Apex Funding,Pier Asset Mgmt,0.06,0.008
L101684,194108.74,184903.88,5.72,657,62.1,30.0,41,319,WA,SFR,Highline Capital,Northgate Servicing,0.11400000000000002,0.01111
L101685,303784.78,302278.51,4.864,730,53.2,23.8,4,356,FL,2-4 Unit,Meridian Home Loans,Northgate Servicing,0.07424,0.008
L101686,201106.39,193281.53,6.691,648,92.4,38.0,40,320,GA,SFR,Highline Capital,Pier Asset Mgmt,0.06545000000000001,0.015573333333333335
L101687,264813.65,255786.84,4.561,739,90.5,40.0,25,335,NY,Condo,Highline Capital,Northgate Servicing,0.16162500000000002,0.008
L101688,231078.23,230853.8,6.129,820,81.2,38.1,1,359,AZ,SFR,Apex Funding,Pier Asset Mgmt,0.06145166666666667,0.008
L101689,329578.49,326784.81,7.468,789,63.2,29.7,11,349,IL,SFR,Highline Capital,Summit Loan Servicing,0.06,0.008
L101690,201353.23,195480.43,6.921,755,95.7,38.0,32,328,NY,SFR,Meridian Home Loans,Pier Asset Mgmt,0.06394999999999998,0.008
L101691,140030.44,122814.96,7.338,710,69.8,32.2,36,144,GA,2-4 Unit,Meridian Home Loans,Pier Asset Mgmt,0.06,0.008
L101692,149689.41,148419.43,6.958,608,70.8,26.9,10,350,GA,2-4 Unit,Meridian Home Loans,Pier Asset Mgmt,0.050699999999999995,0.016673333333333335
L101693,201560.1,182423.49,8.569,642,91.2,41.9,31,149,IL,Condo,Highline Capital,Pier Asset Mgmt,0.049999999999999996,0.016313333333333332
L101694,156816.09,128085.99,5.871,786,81.9,42.5,47,133,FL,SFR,Coastal Mortgage Co,Pier Asset Mgmt,0.11644999999999997,0.008
L101695,280288.36,271577.2,6.758,672,97.0,43.6,33,327,TX,SFR,Coastal Mortgage Co,Northgate Servicing,0.0721,0.014006666666666667
L101696,206278.22,198696.4,6.006,677,77.0,31.1,34,326,NC,SFR,Apex Funding,Pier Asset Mgmt,0.10969999999999999,0.010673333333333333
L101697,557441.19,552982.04,7.261,706,69.2,45.4,10,350,NY,SFR,Coastal Mortgage Co,Pier Asset Mgmt,0.06,0.008
L101698,132164.14,128172.77,6.345,657,66.7,32.1,30,330,NC,SFR,Apex Funding,Northgate Servicing,0.08275000000000002,0.011710000000000002
L101699,260738.07,254019.58,7.947,648,51.8,41.2,34,326,NY,Multifamily,Highline Capital,Pier Asset Mgmt,0.049999999999999996,0.011726666666666666
L101700,163606.01,162601.8,5.922,712,70.7,31.9,6,354,OH,SFR,Coastal Mortgage Co,Summit Loan Servicing,0.07078000000000001,0.008
L101701,204292.8,201991.94,7.666,666,87.7,34.2,15,345,AZ,SFR,Highline Capital,Pier Asset Mgmt,0.06,0.013049999999999999
L101702,255121.92,245083.78,6.934,674,81.2,16.6,42,318,IL,2-4 Unit,Apex Funding,Pier Asset Mgmt,0.0633,0.010426666666666667
L101703,107593.98,102285.9,6.371,672,74.2,33.6,47,313,NY,SFR,Coastal Mortgage Co,Summit Loan Servicing,0.09144999999999998,0.01106
L101704,263784.86,261749.16,6.888,744,62.1,36.7,9,351,AZ,Condo,Highline Capital,Summit Loan Servicing,0.06168,0.008
L101705,472606.13,456584.48,6.635,702,76.7,32.7,35,325,CA,SFR,Coastal Mortgage Co,Summit Loan Servicing,0.07825000000000001,0.00825
L101706,207170.33,202575.2,6.72,705,86.2,50.0,24,336,CA,SFR,Meridian Home Loans,Summit Loan Servicing,0.07120000000000001,0.010053333333333334
L101707,265915.2,258280.95,6.214,748,79.2,26.7,28,332,CA,SFR,Coastal Mortgage Co,Pier Asset Mgmt,0.09667999999999999,0.008
L101708,347570.43,337989.73,5.769,707,76.0,31.5,25,335,NY,SFR,Highline Capital,Northgate Servicing,0.11129166666666666,0.008
L101709,229260.98,219079.48,6.098,700,64.4,28.8,41,319,IL,Condo,Apex Funding,Northgate Servicing,0.1051,0.008
L101710,198127.08,192807.27,4.885,741,84.4,31.5,21,339,FL,SFR,Apex Funding,Pier Asset Mgmt,0.134025,0.008
L101711,109479.46,106837.42,7.158,752,36.4,44.3,28,332,TX,SFR,Apex Funding,Northgate Servicing,0.06,0.008
L101712,303867.42,292001.87,5.288,707,78.6,47.8,32,328,NY,SFR,Meridian Home Loans,Pier Asset Mgmt,0.1456,0.008946666666666665
L101713,233372.47,227172.59,6.204,719,97.0,30.4,26,334,IL,SFR,Meridian Home Loans,Pier Asset Mgmt,0.09449333333333335,0.008426666666666667
L101714,170341.52,163697.85,6.983,672,55.9,30.2,42,318,FL,SFR,Coastal Mortgage Co,Summit Loan Servicing,0.060850000000000015,0.009003333333333334
L101715,253801.78,251299.68,7.155,668,71.1,26.7,12,348,GA,Condo,Highline Capital,Northgate Servicing,0.06,0.01069
L101716,197938.54,185804.68,4.803,757,73.9,46.5,45,315,NY,SFR,Meridian Home Loans,Northgate Servicing,0.16985,0.008
L101717,201803.73,178332.33,6.317,739,68.4,45.0,32,148,WA,SFR,Apex Funding,Northgate Servicing,0.09414999999999998,0.008
L101718,300199.31,286825.09,6.814,740,86.4,35.2,46,314,WA,SFR,Highline Capital,Pier Asset Mgmt,0.0693,0.008
L101719,151989.41,149373.17,6.447,730,79.7,24.8,18,342,NC,SFR,Meridian Home Loans,Northgate Servicing,0.07658999999999999,0.008
L101720,350305.3,344029.55,7.61,718,75.8,25.5,23,337,GA,SFR,Meridian Home Loans,Summit Loan Servicing,0.06,0.008
L101721,148867.19,148390.65,5.66,753,83.6,37.4,3,357,CA,2-4 Unit,Highline Capital,Northgate Servicing,0.0667,0.008
L101722,192539.1,180544.83,4.556,766,74.2,40.4,44,316,NC,Condo,Meridian Home Loans,Northgate Servicing,0.1822,0.008
L101723,475932.43,459297.31,7.129,765,97.0,19.5,39,321,NY,Condo,Apex Funding,Summit Loan Servicing,0.06,0.008
L101724,360257.44,354989.5,5.917,709,75.8,33.4,14,346,FL,SFR,Highline Capital,Pier Asset Mgmt,0.08527,0.008
L101725,251239.36,250298.9,4.817,791,76.3,48.9,3,357,AZ,SFR,Coastal Mortgage Co,Summit Loan Servicing,0.070915,0.008
L101726,174698.07,153596.62,6.257,728,53.5,34.3,33,147,CA,Condo,Coastal Mortgage Co,Summit Loan Servicing,0.09715000000000001,0.008
L101727,201743.97,196466.21,7.508,750,67.5,47.9,32,328,FL,SFR,Apex Funding,Northgate Servicing,0.06,0.008
L101728,249109.13,241595.03,5.263,731,87.8,41.2,25,335,AZ,SFR,Apex Funding,Summit Loan Servicing,0.13237500000000002,0.008
L101729,246011.39,244789.64,8.502,729,58.0,27.3,8,352,WA,Multifamily,Highline Capital,Pier Asset Mgmt,0.06,0.008
L101730,235200.87,222989.28,5.646,675,48.1,33.7,44,316,GA,SFR,Apex Funding,Summit Loan Servicing,0.1277,0.008156666666666668
L101731,240195.54,235360.19,6.478,754,74.4,35.0,21,339,GA,2-4 Unit,Highline Capital,Northgate Servicing,0.07827,0.008
L101732,225250.57,215590.08,5.303,820,90.4,28.4,35,325,WA,SFR,Meridian Home Loans,Summit Loan Servicing,0.14485,0.008
L101733,146577.19,140444.16,6.437,694,74.5,28.2,41,319,CA,SFR,Coastal Mortgage Co,Northgate Servicing,0.08814999999999998,0.00853
L101734,202647.08,183751.22,6.28,719,70.0,48.1,26,154,IL,SFR,Meridian Home Loans,Pier Asset Mgmt,0.09119999999999999,0.008
L101735,334408.45,332404.4,5.059,690,51.7,28.2,5,355,FL,SFR,Apex Funding,Northgate Servicing,0.07617499999999999,0.008
L101736,150404.41,130786.81,8.943,688,79.4,44.6,42,138,IL,SFR,Meridian Home Loans,Northgate Servicing,0.06,0.010713333333333333
L101737,227215.81,219323.2,5.954,800,81.9,32.5,32,328,WA,Condo,Highline Capital,Summit Loan Servicing,0.11230000000000001,0.008
L101738,182241.16,173494.14,5.955,678,52.6,35.8,43,317,GA,Condo,Highline Capital,Summit Loan Servicing,0.11224999999999999,0.008446666666666667
L101739,252451.05,246255.03,7.272,689,87.6,40.5,29,331,WA,SFR,Highline Capital,Northgate Servicing,0.06,0.01116
L101740,211923.02,181612.84,8.033,628,83.2,31.2,43,137,GA,SFR,Highline Capital,Northgate Servicing,0.049999999999999996,0.0162
L101741,407211.42,349593.73,7.414,673,87.6,40.5,41,139,OH,SFR,Meridian Home Loans,Summit Loan Servicing,0.06,0.01276
L101742,289903.71,286211.6,5.319,621,81.0,19.6,11,349,TX,SFR,Apex Funding,Pier Asset Mgmt,0.08081833333333334,0.015906666666666666
L101743,153409.93,152156.87,6.593,750,81.8,39.5,9,351,NY,2-4 Unit,Apex Funding,Northgate Servicing,0.066105,0.008
L101744,307100.34,297551.49,4.707,820,80.2,16.3,8,172,FL,SFR,Apex Funding,Summit Loan Servicing,0.09057333333333334,0.008
L101745,185140.79,178949.35,7.212,695,84.4,34.2,38,322,AZ,Multifamily,Highline Capital,Summit Loan Servicing,0.06,0.00982
L101746,198402.14,195436.79,4.928,623,52.2,42.8,12,348,GA,SFR,Apex Funding,Northgate Servicing,0.09144000000000001,0.014373333333333335
L101747,270989.85,248839.16,5.677,764,56.0,41.0,22,158,FL,SFR,Meridian Home Loans,Northgate Servicing,0.10851000000000002,0.008
L101748,204411.09,196493.44,6.397,675,65.2,25.6,38,322,TX,Condo,Highline Capital,Pier Asset Mgmt,0.09014999999999998,0.009326666666666667
L101749,331870.31,325580.48,6.801,786,72.4,26.6,21,339,NY,SFR,Coastal Mortgage Co,Northgate Servicing,0.066965,0.008
L101750,185149.98,184611.49,6.165,699,78.7,30.5,3,357,TX,SFR,Coastal Mortgage Co,Northgate Servicing,0.064175,0.008603333333333334
L101751,195510.37,192894.07,7.767,680,77.9,37.5,18,342,NC,SFR,Apex Funding,Pier Asset Mgmt,0.06,0.01089
L101752,192966.17,192173.98,7.051,705,87.4,19.7,5,355,OH,Condo,Highline Capital,Northgate Servicing,0.06,0.008153333333333334
L101753,199192.39,186583.93,6.98,757,87.8,35.9,19,161,WA,SFR,Apex Funding,Pier Asset Mgmt,0.06063333333333332,0.008
L101754,356723.78,341400.94,5.294,702,63.5,38.5,35,325,FL,SFR,Meridian Home Loans,Northgate Servicing,0.14530000000000004,0.008
L101755,302573.26,296994.41,7.929,688,76.9,33.7,25,335,IL,SFR,Apex Funding,Pier Asset Mgmt,0.06,0.009736666666666668
L101756,441741.6,425626.43,5.677,704,63.8,40.2,32,328,GA,SFR,Apex Funding,Northgate Servicing,0.12615000000000004,0.008
L101757,536958.17,534744.14,7.964,645,71.7,37.8,6,354,IL,Multifamily,Meridian Home Loans,Pier Asset Mgmt,0.049999999999999996,0.01379
L101758,169269.78,164852.93,8.22,737,77.9,31.7,36,324,IL,SFR,Apex Funding,Pier Asset Mgmt,0.06,0.008
L101759,248860.23,244431.5,6.861,617,35.0,20.5,20,340,FL,SFR,Highline Capital,Northgate Servicing,0.05463333333333333,0.011766666666666667
L101760,160866.46,159066.63,7.329,691,97.0,37.1,14,346,TX,SFR,Highline Capital,Summit Loan Servicing,0.06,0.011673333333333334
L101761,184949.47,175709.88,3.625,757,80.8,28.4,31,329,IL,SFR,Coastal Mortgage Co,Summit Loan Servicing,0.21000000000000002,0.008
L101762,194749.84,193429.43,6.224,732,66.9,31.4,7,353,CA,Multifamily,Apex Funding,Summit Loan Servicing,0.06905333333333333,0.008
L101763,167710.71,164432.02,7.392,747,97.0,39.8,24,336,CA,SFR,Highline Capital,Summit Loan Servicing,0.06,0.008
L101764,168020.19,165233.15,7.232,711,69.8,47.3,20,340,GA,Condo,Apex Funding,Northgate Servicing,0.06,0.008
L101765,230844.7,228714.14,5.302,779,75.6,35.7,8,352,OH,SFR,Coastal Mortgage Co,Summit Loan Servicing,0.08264,0.008
L101766,158601.26,150840.16,6.136,766,68.2,40.4,45,315,GA,Condo,Meridian Home Loans,Summit Loan Servicing,0.10319999999999999,0.008
L101767,326029.92,317503.36,4.117,740,93.8,24.4,18,342,CA,SFR,Meridian Home Loans,Summit Loan Servicing,0.14649,0.008
L101768,176096.3,175793.52,6.772,766,72.7,38.0,2,358,OH,SFR,Apex Funding,Summit Loan Servicing,0.060759999999999995,0.008
L101769,649104.59,631117.61,4.705,756,75.8,35.5,21,339,NC,SFR,Highline Capital,Northgate Servicing,0.14032499999999998,0.008
L101770,207319.31,199025.43,7.417,691,88.4,45.8,46,314,NY,SFR,Apex Funding,Pier Asset Mgmt,0.06,0.011393333333333333
L101771,248999.5,242431.73,7.464,641,81.0,31.7,32,328,FL,Multifamily,Highline Capital,Pier Asset Mgmt,0.049999999999999996,0.014713333333333333
L101772,154296.38,149314.08,5.973,738,73.3,34.1,30,330,OH,Condo,Apex Funding,Pier Asset Mgmt,0.11135,0.008
L101773,441146.42,423114.12,6.869,745,87.3,44.5,43,317,IL,SFR,Coastal Mortgage Co,Pier Asset Mgmt,0.06655000000000001,0.008
L101774,359268.48,357882.35,6.205,775,97.0,35.3,4,356,TX,SFR,Apex Funding,Pier Asset Mgmt,0.0653,0.008
L101775,269391.38,262757.3,6.618,664,77.8,27.1,26,334,FL,Condo,Coastal Mortgage Co,Summit Loan Servicing,0.07655333333333332,0.011786666666666666
L101776,151542.15,148727.91,5.367,665,75.4,55.0,16,344,FL,SFR,Meridian Home Loans,Summit Loan Servicing,0.10354666666666666,0.013306666666666668
L101777,261380.74,253811.56,6.96,740,76.0,27.4,32,328,IL,SFR,Apex Funding,Northgate Servicing,0.062,0.008
L101778,163979.9,155076.38,4.923,711,89.7,35.5,41,319,NY,Condo,Apex Funding,Summit Loan Servicing,0.16385,0.008836666666666668
L101779,405073.72,403024.14,4.753,611,66.8,38.8,4,356,GA,SFR,Highline Capital,Summit Loan Servicing,0.06498,0.016766666666666666
L101780,322293.58,319820.95,6.29,736,70.7,38.1,8,352,NY,SFR,Meridian Home Loans,Pier Asset Mgmt,0.06946666666666666,0.008
L101781,251049.06,238920.67,6.21,613,55.6,34.5,45,315,NC,SFR,Coastal Mortgage Co,Northgate Servicing,0.08950000000000001,0.01516
L101782,103493.96,101166.23,6.645,663,59.8,34.5,24,336,IL,SFR,Meridian Home Loans,Pier Asset Mgmt,0.07420000000000002,0.010579999999999999
L101783,172095.43,169341.09,5.815,789,67.8,34.1,15,345,WA,Condo,Highline Capital,Northgate Servicing,0.08962499999999998,0.008
L101784,308882.55,307217.98,8.097,815,73.3,27.1,8,352,OH,Condo,Highline Capital,Northgate Servicing,0.06,0.008
L101785,371204.83,365296.17,6.545,648,95.2,53.2,17,343,NY,Multifamily,Coastal Mortgage Co,Summit Loan Servicing,0.06289166666666667,0.01686666666666667
L101786,357971.78,357655.02,6.61,697,80.4,34.2,1,359,CA,SFR,Highline Capital,Summit Loan Servicing,0.060649999999999996,0.00922
L101787,139078.73,137678.58,6.578,717,63.1,40.8,11,349,GA,Condo,Apex Funding,Summit Loan Servicing,0.06773666666666665,0.008
L101788,269828.89,267908.04,7.303,813,65.3,33.3,9,351,NY,Multifamily,Coastal Mortgage Co,Pier Asset Mgmt,0.06,0.008
L101789,346428.01,341986.69,6.918,688,90.5,33.2,4,176,WA,SFR,Coastal Mortgage Co,Pier Asset Mgmt,0.060546666666666665,0.011063333333333333
L101790,135887.49,113033.53,6.798,689,87.5,32.4,46,134,IL,Multifamily,Apex Funding,Summit Loan Servicing,0.0701,0.01061
L101791,242130.82,209881.03,7.062,800,74.3,23.6,38,142,FL,Multifamily,Meridian Home Loans,Northgate Servicing,0.06,0.008
L101792,267224.62,250721.61,4.758,694,68.7,34.7,45,315,NY,2-4 Unit,Meridian Home Loans,Northgate Servicing,0.1721,0.008383333333333335
L101793,218541.76,215194.73,4.792,755,87.5,32.7,12,348,OH,Multifamily,Highline Capital,Northgate Servicing,0.10416,0.008
L101794,126974.73,125256.36,6.332,634,62.1,45.4,14,346,TX,SFR,Meridian Home Loans,Summit Loan Servicing,0.06558666666666667,0.014436666666666667
L101795,216642.9,213649.93,6.222,706,78.7,26.4,14,346,WA,SFR,Meridian Home Loans,Summit Loan Servicing,0.07815333333333332,0.008
L101796,216521.06,196489.81,6.922,624,97.0,31.4,27,153,FL,2-4 Unit,Highline Capital,Summit Loan Servicing,0.05351000000000001,0.017993333333333333
L101797,230538.85,228591.78,6.418,657,76.5,28.8,9,351,OH,2-4 Unit,Highline Capital,Summit Loan Servicing,0.05873,0.01247
L101798,199343.55,191500.75,6.924,761,64.7,47.5,12,168,GA,SFR,Highline Capital,Summit Loan Servicing,0.06151999999999999,0.008
L101799,207927.71,169275.74,5.279,712,78.9,29.0,46,134,GA,SFR,Meridian Home Loans,Northgate Servicing,0.14605,0.008
L101800,239450.69,225320.47,6.39,697,68.4,40.5,17,163,FL,SFR,Highline Capital,Pier Asset Mgmt,0.07728333333333334,0.008440000000000001
L101801,283469.3,270313.54,5.193,674,57.3,43.8,37,323,AZ,2-4 Unit,Coastal Mortgage Co,Pier Asset Mgmt,0.15035000000000004,0.00985
L101802,218261.82,216134.76,6.748,703,82.4,34.8,11,349,NC,SFR,Meridian Home Loans,Northgate Servicing,0.06462,0.00886
L101803,210369.94,197591.99,4.71,732,87.4,25.0,44,316,IL,SFR,Highline Capital,Summit Loan Servicing,0.1745,0.008
L101804,250778.14,221470.73,6.713,769,70.3,25.1,33,147,IL,SFR,Coastal Mortgage Co,Northgate Servicing,0.07435,0.008
L101805,123955.69,117398.16,5.078,580,69.5,42.9,41,319,GA,SFR,Apex Funding,Summit Loan Servicing,0.14609999999999998,0.02041
L101806,286921.03,279410.17,6.055,669,62.5,25.9,25,335,IL,Multifamily,Meridian Home Loans,Summit Loan Servicing,0.09937500000000002,0.009676666666666667
L101807,242753.77,233411.39,7.205,724,72.2,39.1,43,317,WA,SFR,Meridian Home Loans,Pier Asset Mgmt,0.06,0.008
L101808,246198.34,231033.27,6.605,710,67.3,36.9,18,162,CA,SFR,Highline Capital,Northgate Servicing,0.07184999999999998,0.008
L101809,339849.11,329873.18,4.919,737,61.9,39.0,23,337,FL,SFR,Apex Funding,Northgate Servicing,0.13977166666666668,0.008
L101810,122579.44,122196.92,5.795,730,96.7,39.8,3,357,OH,Condo,Highline Capital,Northgate Servicing,0.066025,0.008
L101811,121681.0,120354.86,5.049,698,79.6,28.5,9,351,AZ,SFR,Meridian Home Loans,Summit Loan Servicing,0.08926499999999998,0.00866
L101812,267221.01,254131.29,4.875,686,80.9,28.2,37,323,NY,SFR,Highline Capital,Northgate Servicing,0.16625,0.009970000000000001
L101813,242197.58,238552.51,6.506,701,84.6,41.7,16,344,GA,SFR,Highline Capital,Northgate Servicing,0.07317333333333333,0.009739999999999999
L101814,257702.71,256613.91,6.904,778,83.3,31.0,5,355,CA,2-4 Unit,Highline Capital,Pier Asset Mgmt,0.0608,0.008
L101815,206541.27,196906.69,6.797,675,69.0,14.0,14,166,TX,Condo,Meridian Home Loans,Northgate Servicing,0.06473666666666666,0.008933333333333333
L101816,306362.34,289061.0,6.942,712,77.3,41.2,17,163,WA,Condo,Meridian Home Loans,Summit Loan Servicing,0.06164333333333333,0.008
L101817,336523.61,324971.49,6.389,725,70.8,27.7,34,326,NC,SFR,Apex Funding,Pier Asset Mgmt,0.09054999999999999,0.008
L101818,287619.53,282688.8,6.154,801,79.3,39.7,5,175,CA,Multifamily,Meridian Home Loans,Summit Loan Servicing,0.06705,0.008
L101819,221617.91,221125.59,5.434,698,78.1,47.1,2,358,AZ,Condo,Meridian Home Loans,Summit Loan Servicing,0.06522,0.00975
L101820,116111.79,111705.69,6.004,768,69.4,36.1,35,325,IL,SFR,Highline Capital,Northgate Servicing,0.10980000000000002,0.008
L101821,317817.52,315213.34,5.211,783,58.0,44.0,7,353,GA,Multifamily,Apex Funding,Pier Asset Mgmt,0.08087166666666666,0.008
L101822,372355.76,344738.49,5.639,711,75.8,37.2,20,160,OH,2-4 Unit,Highline Capital,Summit Loan Servicing,0.10536666666666665,0.008
L101823,304247.09,294302.3,6.48,703,71.5,48.7,33,327,OH,Condo,Highline Capital,Summit Loan Servicing,0.08599999999999998,0.008696666666666667
L101824,178460.96,173988.36,6.294,697,51.3,27.5,25,335,TX,Condo,Meridian Home Loans,Summit Loan Servicing,0.08941666666666669,0.008
L101825,307376.31,306382.82,9.158,701,80.1,35.9,6,354,NY,SFR,Highline Capital,Pier Asset Mgmt,0.06,0.008903333333333333
L101826,328136.64,314225.72,5.189,762,85.6,41.4,34,326,FL,SFR,Meridian Home Loans,Pier Asset Mgmt,0.15055000000000002,0.008
L101827,418983.03,417792.65,6.287,728,97.0,34.5,3,357,WA,SFR,Coastal Mortgage Co,Pier Asset Mgmt,0.063565,0.008
L101828,178681.74,176321.69,5.119,728,69.3,45.2,11,349,AZ,SFR,Coastal Mortgage Co,Summit Loan Servicing,0.09448500000000001,0.008
L101829,224300.26,222956.69,6.051,653,67.5,32.5,6,354,NC,SFR,Meridian Home Loans,Pier Asset Mgmt,0.059489999999999994,0.012216666666666667
L101830,315383.68,307177.06,6.088,662,60.7,52.6,25,335,CA,SFR,Apex Funding,Summit Loan Servicing,0.098,0.011976666666666667
L101831,247729.7,219709.68,7.16,820,76.5,53.0,33,147,OH,Multifamily,Meridian Home Loans,Pier Asset Mgmt,0.06,0.008
L101832,164215.58,158743.78,5.995,705,76.4,38.3,31,329,GA,SFR,Highline Capital,Pier Asset Mgmt,0.11024999999999999,0.008293333333333333
L101833,280720.75,278818.91,6.228,672,64.3,40.4,7,353,FL,2-4 Unit,Highline Capital,Pier Asset Mgmt,0.06900666666666666,0.010523333333333332
L101834,297310.28,279236.4,6.013,794,71.9,45.5,17,163,IL,SFR,Apex Funding,Pier Asset Mgmt,0.087965,0.008
L101835,250393.01,248314.01,5.139,730,50.3,26.5,7,353,IL,SFR,Meridian Home Loans,Summit Loan Servicing,0.08171166666666665,0.008
L101836,262197.87,257416.86,5.813,747,85.1,25.5,17,343,FL,SFR,Apex Funding,Northgate Servicing,0.09363166666666667,0.008
L101837,221782.61,213219.92,6.056,707,64.8,46.1,11,169,WA,SFR,Apex Funding,Summit Loan Servicing,0.07730666666666666,0.008
L101838,407337.61,393101.86,6.466,697,73.6,38.2,35,325,WA,SFR,Coastal Mortgage Co,Northgate Servicing,0.08669999999999999,0.008806666666666666
L101839,177151.0,171249.5,6.903,706,56.9,34.2,36,324,CA,SFR,Coastal Mortgage Co,Northgate Servicing,0.06485000000000002,0.008
L101840,197686.5,168873.67,6.189,639,67.0,36.1,39,141,WA,Condo,Coastal Mortgage Co,Pier Asset Mgmt,0.09055,0.013806666666666667
L101841,243736.97,241334.66,6.173,710,70.6,16.9,10,350,IL,SFR,Highline Capital,Northgate Servicing,0.07378333333333333,0.008
L101842,330259.47,329851.6,4.851,731,73.9,34.5,1,359,AZ,SFR,Meridian Home Loans,Pier Asset Mgmt,0.06358166666666666,0.008
L101843,143762.71,143520.99,6.886,817,79.8,30.0,2,358,AZ,SFR,Apex Funding,Summit Loan Servicing,0.060379999999999996,0.008
L101844,153490.84,146472.92,5.774,720,91.3,43.3,40,320,GA,SFR,Coastal Mortgage Co,Summit Loan Servicing,0.12129999999999999,0.008616666666666667
L101845,118990.03,114299.77,7.072,587,82.8,44.0,43,317,AZ,SFR,Apex Funding,Pier Asset Mgmt,0.049999999999999996,0.02111333333333333
L101846,245596.03,243752.31,7.585,710,85.5,40.6,10,350,NC,SFR,Meridian Home Loans,Summit Loan Servicing,0.06,0.008856666666666667
L101847,164159.36,156843.55,6.231,820,91.4,39.2,42,318,OH,Condo,Highline Capital,Pier Asset Mgmt,0.09845000000000001,0.008
L101848,212226.09,206064.86,5.479,763,80.8,24.0,25,335,IL,Condo,Coastal Mortgage Co,Northgate Servicing,0.12337500000000001,0.008
L101849,306043.45,303442.4,6.385,670,73.6,40.7,9,351,AZ,2-4 Unit,Highline Capital,Pier Asset Mgmt,0.06922500000000001,0.011673333333333334
L101850,193970.24,191346.22,6.714,748,86.1,41.0,15,345,WA,Condo,Meridian Home Loans,Northgate Servicing,0.06714999999999999,0.008
L101851,263273.5,259837.41,6.116,674,86.9,46.0,13,347,WA,SFR,Apex Funding,Northgate Servicing,0.07915333333333334,0.012956666666666668
L101852,218650.91,209924.4,5.892,641,81.8,52.9,36,324,TX,SFR,Apex Funding,Pier Asset Mgmt,0.10539999999999998,0.016206666666666668
L101853,307195.62,298197.0,6.907,696,56.5,22.5,9,171,IL,SFR,Highline Capital,Pier Asset Mgmt,0.061395,0.008
L101854,286729.58,284499.64,6.848,720,63.9,32.9,9,351,GA,SFR,Meridian Home Loans,Summit Loan Servicing,0.06228,0.008
L101855,190579.21,183675.62,6.088,612,70.7,30.1,34,326,NC,SFR,Apex Funding,Pier Asset Mgmt,0.0956,0.016476666666666667
L101856,228884.29,224568.42,4.911,652,83.4,37.4,15,345,NC,SFR,Meridian Home Loans,Northgate Servicing,0.10222500000000002,0.014233333333333334
L101857,349867.64,346182.21,6.811,716,73.7,36.1,12,348,OH,Multifamily,Coastal Mortgage Co,Pier Asset Mgmt,0.06378,0.008
L101858,278641.67,266461.51,5.709,693,87.6,34.1,38,322,GA,SFR,Meridian Home Loans,Northgate Servicing,0.12455000000000002,0.010333333333333333
L101859,148904.92,142345.17,6.593,737,89.8,44.2,44,316,AZ,SFR,Meridian Home Loans,Pier Asset Mgmt,0.08035,0.008
L101860,305427.07,297475.33,6.536,648,88.4,27.2,27,333,OH,Multifamily,Highline Capital,Northgate Servicing,0.07088000000000003,0.014453333333333335
L101861,166106.81,157238.66,4.7,754,88.5,27.7,39,321,TX,SFR,Apex Funding,Summit Loan Servicing,0.175,0.008
L101862,398068.58,339562.58,6.473,650,61.6,27.8,40,140,NC,SFR,Highline Capital,Pier Asset Mgmt,0.07635000000000002,0.011613333333333333
L101863,347470.34,338612.28,6.863,805,79.8,33.1,28,332,NY,SFR,Apex Funding,Summit Loan Servicing,0.0663933333333333,0.008
L101864,268729.32,259067.13,6.973,621,66.7,26.2,39,321,WA,SFR,Apex Funding,Northgate Servicing,0.05135,0.014916666666666668
L101865,256537.85,256306.21,6.506,655,54.2,35.6,1,359,GA,Multifamily,Meridian Home Loans,Pier Asset Mgmt,0.05082333333333333,0.010893333333333335
L101866,225672.18,223926.15,4.621,738,70.6,34.7,2,178,NC,Condo,Highline Capital,Pier Asset Mgmt,0.06792999999999999,0.008
L101867,307885.54,297047.52,7.549,807,89.9,29.7,42,318,AZ,SFR,Meridian Home Loans,Pier Asset Mgmt,0.06,0.008
L101868,213251.53,211949.44,6.77,732,79.5,43.0,7,353,FL,SFR,Meridian Home Loans,Northgate Servicing,0.06268333333333334,0.008
L101869,263668.91,252388.0,5.317,746,97.0,35.5,35,325,GA,SFR,Apex Funding,Pier Asset Mgmt,0.14415,0.008
L101870,329449.06,322169.88,5.691,716,76.1,44.5,20,340,AZ,SFR,Apex Funding,Summit Loan Servicing,0.10363333333333333,0.008
L101871,199459.74,192019.41,6.608,659,97.0,34.4,38,322,AZ,SFR,Meridian Home Loans,Pier Asset Mgmt,0.06960000000000002,0.014693333333333333
L101872,195698.9,190085.72,7.012,688,76.1,35.8,32,328,FL,SFR,Apex Funding,Summit Loan Servicing,0.06,0.009796666666666665
L101873,159846.95,159200.88,5.961,648,74.3,31.5,4,356,OH,Condo,Apex Funding,Pier Asset Mgmt,0.05692666666666666,0.01333
L101874,167281.71,165051.05,7.143,645,58.6,35.9,16,344,TX,2-4 Unit,Coastal Mortgage Co,Northgate Servicing,0.049999999999999996,0.012353333333333334
L101875,128035.35,110318.13,4.787,737,87.3,41.7,34,146,FL,2-4 Unit,Apex Funding,Pier Asset Mgmt,0.17065000000000002,0.008
L101876,313464.09,296671.9,5.462,653,68.0,32.7,44,316,OH,2-4 Unit,Apex Funding,Northgate Servicing,0.1269,0.01228
L101877,457311.51,384822.78,4.542,733,66.2,40.1,38,142,NC,SFR,Coastal Mortgage Co,Pier Asset Mgmt,0.1829,0.008
L101878,399858.15,333993.22,5.592,643,89.4,29.5,42,138,GA,Condo,Meridian Home Loans,Pier Asset Mgmt,0.12040000000000002,0.015206666666666667
L101879,137430.06,116315.53,7.757,731,87.9,42.1,45,135,GA,Multifamily,Coastal Mortgage Co,Pier Asset Mgmt,0.06,0.008
L101880,312918.84,268850.34,8.252,688,87.6,31.4,43,137,WA,SFR,Highline Capital,Summit Loan Servicing,0.06,0.010653333333333332
L101881,399407.4,388741.35,6.611,792,69.7,42.8,28,332,FL,SFR,Coastal Mortgage Co,Northgate Servicing,0.07815333333333334,0.008
L101882,206926.0,203391.28,5.825,733,73.4,36.5,16,344,FL,SFR,Apex Funding,Northgate Servicing,0.09133333333333332,0.008
L101883,251577.56,245437.2,6.201,783,73.3,48.2,24,336,IL,Multifamily,Coastal Mortgage Co,Summit Loan Servicing,0.09196000000000001,0.008
L101884,120239.09,115926.24,6.826,673,83.4,26.8,38,322,OH,Multifamily,Apex Funding,Summit Loan Servicing,0.06870000000000001,0.011426666666666668
L101885,266560.81,259886.81,4.993,718,92.6,24.2,20,340,GA,2-4 Unit,Apex Funding,Summit Loan Servicing,0.12689999999999999,0.008
L101886,167335.17,159830.2,5.885,661,78.4,31.1,40,320,AZ,SFR,Coastal Mortgage Co,Pier Asset Mgmt,0.11575000000000002,0.012413333333333335
L101887,260373.46,253563.51,7.691,692,97.0,24.9,33,327,OH,Multifamily,Apex Funding,Northgate Servicing,0.06,0.01076
L101888,140586.6,139003.76,5.459,701,84.8,24.9,10,350,OH,SFR,Highline Capital,Pier Asset Mgmt,0.08568333333333333,0.00864
L101889,293607.87,278570.74,5.726,675,71.2,41.0,44,316,IL,SFR,Highline Capital,Pier Asset Mgmt,0.1237,0.010953333333333334
L101890,347520.67,333310.98,6.412,648,83.9,36.0,40,320,IL,SFR,Highline Capital,Summit Loan Servicing,0.07940000000000001,0.01459
L101891,184589.01,179510.26,6.655,637,94.5,32.2,29,331,CA,Condo,Meridian Home Loans,Pier Asset Mgmt,0.066675,0.016496666666666666
L101892,163093.2,161381.18,5.837,586,97.0,32.9,10,350,CA,2-4 Unit,Highline Capital,Summit Loan Servicing,0.06938333333333334,0.021893333333333334
L101893,114164.07,112990.66,6.469,657,88.2,31.2,11,349,IL,SFR,Apex Funding,Northgate Servicing,0.05973499999999999,0.0138
L101894,221185.12,212965.46,6.947,750,74.3,49.2,40,320,AZ,SFR,Coastal Mortgage Co,Pier Asset Mgmt,0.06265,0.008
L101895,198083.14,197519.03,8.165,627,71.4,30.1,1,179,OH,SFR,Coastal Mortgage Co,Summit Loan Servicing,0.049999999999999996,0.015046666666666667
L101896,141088.58,137848.05,6.286,640,80.9,25.4,23,337,IL,SFR,Meridian Home Loans,Pier Asset Mgmt,0.07737000000000002,0.014383333333333335
L101897,284519.36,275954.82,6.363,813,94.1,42.4,30,330,GA,2-4 Unit,Highline Capital,Northgate Servicing,0.09184999999999999,0.008
L101898,207421.94,205766.76,7.775,680,79.2,34.3,11,349,OH,SFR,Highline Capital,Summit Loan Servicing,0.06,0.010806666666666668
L101899,166623.56,158972.23,5.906,733,79.5,52.3,41,319,NY,SFR,Meridian Home Loans,Pier Asset Mgmt,0.11470000000000002,0.008
L101900,199965.41,180595.16,5.208,750,74.6,31.8,25,155,TX,SFR,Apex Funding,Summit Loan Servicing,0.13466666666666666,0.008
L101901,353258.93,352001.88,6.625,751,70.1,42.8,4,356,WA,Condo,Apex Funding,Northgate Servicing,0.0625,0.008
L101902,299847.09,284495.78,7.369,631,72.1,44.7,16,164,GA,2-4 Unit,Meridian Home Loans,Northgate Servicing,0.049999999999999996,0.01569
L101903,231999.59,227987.16,6.725,702,75.6,31.8,19,341,TX,SFR,Apex Funding,Summit Loan Servicing,0.06870833333333334,0.00808
L101904,301548.68,298356.3,6.313,626,94.6,30.1,11,349,FL,SFR,Highline Capital,Northgate Servicing,0.06259500000000001,0.017466666666666665
L101905,161729.56,152285.3,5.096,820,71.1,41.9,45,315,NY,Multifamily,Coastal Mortgage Co,Northgate Servicing,0.1552,0.008
L101906,245568.09,241511.59,6.347,627,74.6,40.6,17,343,FL,SFR,Apex Funding,Summit Loan Servicing,0.06850166666666666,0.016066666666666667
L101907,255649.54,235739.88,7.51,657,63.6,24.7,24,156,IL,SFR,Highline Capital,Northgate Servicing,0.049999999999999996,0.010906666666666667
L101908,205984.71,199538.05,5.289,658,82.6,27.0,26,334,OH,SFR,Coastal Mortgage Co,Summit Loan Servicing,0.12414333333333334,0.01286
L101909,282776.02,279706.33,6.18,633,90.4,15.7,11,349,AZ,Multifamily,Meridian Home Loans,Northgate Servicing,0.06503333333333335,0.015386666666666668
L101910,184766.53,179512.15,6.051,789,93.5,40.8,27,333,WA,Condo,Coastal Mortgage Co,Summit Loan Servicing,0.10270499999999999,0.008
L101911,290232.4,272252.62,5.772,820,76.4,33.9,17,163,OH,SFR,Meridian Home Loans,Pier Asset Mgmt,0.09479333333333333,0.008
L101912,294534.25,294274.29,6.623,689,80.9,34.7,1,359,NY,SFR,Coastal Mortgage Co,Pier Asset Mgmt,0.06062833333333333,0.010103333333333334
L101913,87465.0,85890.2,6.799,642,72.2,22.5,20,340,CA,SFR,Apex Funding,Pier Asset Mgmt,0.05669999999999998,0.01312
L101914,368283.02,358766.87,6.79,592,80.3,27.2,28,332,TX,SFR,Meridian Home Loans,Pier Asset Mgmt,0.0598,0.019243333333333335
L101915,83560.7,83007.77,5.521,702,77.8,32.2,6,354,AZ,SFR,Apex Funding,Summit Loan Servicing,0.07479,0.008326666666666666
L101916,195708.75,186193.02,4.919,698,74.7,30.6,37,323,NY,SFR,Highline Capital,Northgate Servicing,0.16405000000000003,0.008310000000000001
L101917,347622.3,336941.2,6.636,679,75.7,36.9,32,328,AZ,SFR,Coastal Mortgage Co,Summit Loan Servicing,0.07819999999999999,0.01073
L101918,217281.63,213886.59,5.945,727,79.4,40.7,15,345,IL,SFR,Highline Capital,Summit Loan Servicing,0.086375,0.008
L101919,145340.55,142380.21,8.054,737,70.5,54.2,28,332,OH,SFR,Coastal Mortgage Co,Northgate Servicing,0.06,0.008
L101920,165577.07,163863.31,8.096,733,71.1,35.8,15,345,GA,SFR,Apex Funding,Northgate Servicing,0.06,0.008
L101921,347811.87,340092.75,8.192,698,94.5,44.9,31,329,WA,2-4 Unit,Meridian Home Loans,Summit Loan Servicing,0.06,0.011243333333333334
L101922,123930.15,122838.38,5.554,654,97.0,29.4,8,352,FL,SFR,Coastal Mortgage Co,Summit Loan Servicing,0.06928,0.01486
L101923,360463.83,351004.43,6.912,752,59.5,22.6,29,331,AZ,2-4 Unit,Highline Capital,Northgate Servicing,0.06425333333333333,0.008
L101924,238163.87,237595.76,7.184,716,58.9,33.2,3,357,GA,2-4 Unit,Apex Funding,Summit Loan Servicing,0.06,0.008
L101925,159957.21,159456.19,7.083,764,62.5,23.2,1,179,TX,Multifamily,Apex Funding,Summit Loan Servicing,0.06,0.008
L101926,197977.71,189634.86,6.081,758,72.8,36.1,12,168,FL,SFR,Apex Funding,Northgate Servicing,0.07837999999999999,0.008
L101927,170071.03,168917.91,7.551,637,84.7,29.8,9,351,NY,SFR,Meridian Home Loans,Summit Loan Servicing,0.049999999999999996,0.015356666666666668
L101928,328791.41,321054.03,6.4,636,81.1,20.4,24,336,TX,SFR,Highline Capital,Pier Asset Mgmt,0.074,0.01447
L101929,313749.36,311443.44,6.515,673,76.1,49.9,8,352,WA,SFR,Coastal Mortgage Co,Pier Asset Mgmt,0.06646666666666667,0.012236666666666667
L101930,133025.17,131068.21,5.016,657,80.3,31.7,12,348,FL,SFR,Meridian Home Loans,Pier Asset Mgmt,0.08968000000000001,0.013043333333333334
L101931,210816.37,209938.78,6.98,757,65.7,22.9,5,355,GA,SFR,Highline Capital,Summit Loan Servicing,0.06016666666666666,0.008
L101932,179491.84,171401.28,6.166,734,71.1,43.2,42,318,GA,SFR,Meridian Home Loans,Northgate Servicing,0.10169999999999998,0.008
L101933,381829.13,369306.92,6.818,775,73.8,30.2,35,325,GA,2-4 Unit,Highline Capital,Pier Asset Mgmt,0.06910000000000002,0.008
L101934,151367.41,149853.4,6.612,737,55.0,44.7,11,349,NC,SFR,Coastal Mortgage Co,Northgate Servicing,0.06711333333333333,0.008
L101935,425695.76,423383.46,6.563,726,60.1,30.1,6,354,WA,Multifamily,Meridian Home Loans,Summit Loan Servicing,0.06437,0.008
L101936,239988.63,230083.36,6.359,781,60.5,31.7,40,320,WA,Condo,Meridian Home Loans,Pier Asset Mgmt,0.09204999999999999,0.008
L101937,161671.69,157115.88,7.108,741,83.2,38.8,32,328,OH,SFR,Apex Funding,Summit Loan Servicing,0.06,0.008
L101938,191559.56,183007.69,6.221,719,76.9,40.7,42,318,IL,SFR,Apex Funding,Pier Asset Mgmt,0.09895,0.008
L101939,183401.57,181417.64,5.09,796,81.3,42.1,9,351,AZ,SFR,Meridian Home Loans,Summit Loan Servicing,0.08865,0.008
L101940,155419.56,146621.37,6.912,721,51.9,35.3,17,163,TX,2-4 Unit,Coastal Mortgage Co,Pier Asset Mgmt,0.06249333333333333,0.008
L101941,250995.28,245607.26,5.672,698,56.2,40.2,6,174,OH,Condo,Meridian Home Loans,Summit Loan Servicing,0.07328,0.008
L101942,157980.92,154173.64,5.208,669,82.0,42.0,20,340,TX,Condo,Apex Funding,Pier Asset Mgmt,0.11973333333333333,0.0127
L101943,113195.52,112184.54,5.48,754,40.7,37.6,8,352,TX,Condo,Highline Capital,Northgate Servicing,0.08026666666666665,0.008
L101944,212588.41,212401.94,6.655,783,88.7,34.9,1,359,OH,SFR,Coastal Mortgage Co,Summit Loan Servicing,0.060575,0.008
L101945,129184.94,126095.88,6.313,712,52.1,24.4,24,336,AZ,Multifamily,Highline Capital,Pier Asset Mgmt,0.08748,0.008
L101946,186603.94,173961.26,4.481,787,84.1,40.8,47,313,TX,Multifamily,Coastal Mortgage Co,Pier Asset Mgmt,0.18595,0.008
L101947,176630.28,170807.56,6.055,607,63.3,36.3,31,329,WA,Condo,Meridian Home Loans,Pier Asset Mgmt,0.09725000000000002,0.016649999999999998
L101948,178988.06,173596.25,7.452,712,86.6,32.7,36,324,TX,SFR,Coastal Mortgage Co,Northgate Servicing,0.06,0.00824
L101949,489107.26,468175.42,5.994,713,97.0,46.2,39,321,CA,SFR,Highline Capital,Summit Loan Servicing,0.11030000000000001,0.01008
L101950,247643.14,235467.4,6.251,675,46.7,24.6,46,314,WA,SFR,Highline Capital,Summit Loan Servicing,0.09744999999999998,0.008
L101951,264574.95,263129.25,7.339,820,82.3,49.2,7,353,FL,SFR,Apex Funding,Summit Loan Servicing,0.06,0.008
L101952,130386.79,129091.63,7.116,711,52.3,35.8,12,348,FL,SFR,Coastal Mortgage Co,Summit Loan Servicing,0.06,0.008
L101953,193128.86,174393.7,7.32,693,79.1,38.5,29,151,AZ,Condo,Highline Capital,Summit Loan Servicing,0.06,0.009776666666666666
L101954,261805.18,217299.41,3.905,716,71.5,32.8,39,141,NC,Multifamily,Apex Funding,Northgate Servicing,0.21000000000000002,0.008
L101955,169636.79,164842.54,7.96,605,75.6,22.7,37,323,GA,SFR,Highline Capital,Pier Asset Mgmt,0.049999999999999996,0.017173333333333332
L101956,333641.38,323004.08,6.973,673,63.1,34.9,35,325,WA,SFR,Apex Funding,Northgate Servicing,0.06135,0.009936666666666667
L101957,159381.53,157893.8,8.615,769,83.4,38.7,15,345,CA,SFR,Apex Funding,Summit Loan Servicing,0.06,0.008
L101958,219645.87,215302.98,5.696,680,56.6,41.4,18,342,WA,Multifamily,Highline Capital,Northgate Servicing,0.09912000000000001,0.00902
L101959,197774.33,196784.53,4.813,669,88.9,34.4,4,356,FL,Condo,Highline Capital,Summit Loan Servicing,0.07458000000000001,0.012883333333333333
L101960,257175.04,253487.67,6.406,787,69.1,18.5,15,345,NC,SFR,Apex Funding,Northgate Servicing,0.07485,0.008
L101961,194041.72,192513.54,6.152,789,57.2,23.7,8,352,NY,SFR,Meridian Home Loans,Pier Asset Mgmt,0.07130666666666666,0.008
L101962,220838.56,211534.39,6.988,743,93.1,52.4,45,315,FL,SFR,Coastal Mortgage Co,Summit Loan Servicing,0.06059999999999997,0.008
L101963,223541.97,222679.6,7.367,690,73.2,27.3,5,355,NY,SFR,Apex Funding,Pier Asset Mgmt,0.06,0.008740000000000001
L101964,187768.35,175940.45,6.321,702,96.9,47.4,18,162,GA,SFR,Apex Funding,Summit Loan Servicing,0.08037000000000001,0.011250000000000001
L101965,287731.45,274800.48,6.183,671,88.7,28.5,42,318,OH,SFR,Coastal Mortgage Co,Pier Asset Mgmt,0.10085000000000001,0.01227
L101966,263929.14,252573.67,6.87,660,64.4,34.5,45,315,TX,SFR,Meridian Home Loans,Summit Loan Servicing,0.06649999999999999,0.011340000000000001
L101967,235386.73,220381.31,6.169,658,73.0,41.0,18,162,NC,SFR,Highline Capital,Summit Loan Servicing,0.07493000000000001,0.012833333333333332
L101968,208843.32,204103.2,6.094,681,75.5,29.4,22,338,OH,SFR,Highline Capital,Northgate Servicing,0.09321999999999998,0.01001
L101969,320869.7,314241.25,7.333,658,92.3,48.7,25,335,AZ,Condo,Meridian Home Loans,Northgate Servicing,0.049999999999999996,0.015276666666666668
L101970,223565.12,216308.72,7.534,629,79.3,36.6,39,321,WA,SFR,Coastal Mortgage Co,Northgate Servicing,0.049999999999999996,0.01607
L101971,218088.44,211219.05,7.376,727,76.1,39.7,37,323,CA,SFR,Coastal Mortgage Co,Summit Loan Servicing,0.06,0.008
L101972,251863.24,245498.89,6.249,728,71.6,33.9,25,335,NY,Multifamily,Highline Capital,Pier Asset Mgmt,0.09129166666666669,0.008
L101973,439681.26,428871.5,4.474,809,73.4,41.3,18,342,IL,SFR,Highline Capital,Pier Asset Mgmt,0.13578,0.008
L101974,151884.45,149180.86,6.267,678,89.7,48.6,18,342,GA,SFR,Coastal Mortgage Co,Pier Asset Mgmt,0.08198999999999998,0.01301
L101975,317886.57,306760.16,5.718,731,74.0,34.9,31,329,NY,SFR,Coastal Mortgage Co,Pier Asset Mgmt,0.1241,0.008
L101976,125165.24,119929.42,6.283,732,69.3,49.8,40,320,FL,Condo,Coastal Mortgage Co,Pier Asset Mgmt,0.09584999999999999,0.008
L101977,261985.81,260893.32,5.796,701,67.2,31.1,4,356,OH,SFR,Meridian Home Loans,Summit Loan Servicing,0.06802666666666667,0.008
L101978,421375.23,405481.53,6.381,756,67.4,42.1,37,323,FL,SFR,Coastal Mortgage Co,Northgate Servicing,0.09094999999999999,0.008
L101979,288091.66,280413.47,5.465,758,57.2,39.9,23,337,WA,SFR,Coastal Mortgage Co,Pier Asset Mgmt,0.11884166666666668,0.008
L101980,257743.14,255645.13,5.247,733,65.0,27.5,7,353,CA,Condo,Meridian Home Loans,Summit Loan Servicing,0.08045166666666667,0.008
L101981,199554.5,198804.7,7.5,701,92.0,37.7,5,355,IL,Condo,Apex Funding,Northgate Servicing,0.06,0.010213333333333335
L101982,245454.41,241026.62,5.527,695,71.5,36.1,16,344,NC,Condo,Highline Capital,Summit Loan Servicing,0.09928,0.008656666666666667
L101983,222298.87,219766.66,6.4,640,82.5,29.2,12,348,WA,SFR,Coastal Mortgage Co,Pier Asset Mgmt,0.06199999999999999,0.014796666666666666
L101984,184408.41,183681.67,7.259,671,44.3,38.9,5,355,AZ,SFR,Coastal Mortgage Co,Pier Asset Mgmt,0.06,0.008523333333333332
L101985,219376.24,216870.92,7.223,681,80.8,37.2,14,346,CA,SFR,Coastal Mortgage Co,Summit Loan Servicing,0.06,0.01106
L101986,260259.22,250876.68,7.115,653,72.1,35.4,40,320,AZ,SFR,Meridian Home Loans,Pier Asset Mgmt,0.049999999999999996,0.01287
L101987,185623.19,179569.41,6.673,739,68.2,35.5,34,326,NY,SFR,Apex Funding,Northgate Servicing,0.07635,0.008
L101988,183102.5,181577.05,7.052,781,76.2,35.3,10,350,OH,SFR,Coastal Mortgage Co,Pier Asset Mgmt,0.06,0.008
L101989,150830.93,146978.58,7.636,665,68.1,33.1,32,328,AZ,2-4 Unit,Highline Capital,Summit Loan Servicing,0.06,0.011116666666666667
L101990,278383.17,272821.16,6.783,731,48.5,37.1,22,338,TX,SFR,Coastal Mortgage Co,Summit Loan Servicing,0.06795666666666665,0.008
L101991,293861.29,279579.48,4.747,658,85.1,30.8,36,324,NY,SFR,Highline Capital,Pier Asset Mgmt,0.16265000000000002,0.013363333333333335
L101992,263308.38,260028.78,5.924,698,76.9,55.0,12,348,OH,Multifamily,Coastal Mortgage Co,Pier Asset Mgmt,0.08152,0.010156666666666668
L101993,340377.19,339539.74,7.027,677,70.2,24.7,3,357,WA,2-4 Unit,Meridian Home Loans,Summit Loan Servicing,0.06,0.009566666666666668
L101994,250384.66,246392.82,5.836,748,62.4,31.3,15,345,NC,SFR,Coastal Mortgage Co,Summit Loan Servicing,0.08909999999999998,0.008
L101995,278508.49,267963.7,7.858,678,56.4,32.0,47,313,FL,2-4 Unit,Highline Capital,Northgate Servicing,0.06,0.008573333333333334
L101996,270044.79,262761.57,6.343,771,76.7,52.3,27,333,NY,SFR,Coastal Mortgage Co,Summit Loan Servicing,0.089565,0.008
L101997,235145.79,234501.75,6.477,701,93.4,25.4,3,357,AZ,2-4 Unit,Highline Capital,Pier Asset Mgmt,0.06261499999999999,0.009533333333333335
L101998,201634.59,193560.86,7.412,679,76.4,39.4,46,314,GA,SFR,Apex Funding,Pier Asset Mgmt,0.06,0.010966666666666666
L101999,526998.73,505380.32,6.235,646,57.4,38.0,39,321,FL,SFR,Apex Funding,Pier Asset Mgmt,0.08824999999999998,0.012273333333333334
